HBA,HBD,TPSA,dipole,excitation_energy_1,excitation_energy_2,excitation_energy_3,excitation_energy_4,homo_energy,homo_lumo_gap,logP,lumo_energy,melting_point,molecular_refractivity,oscillator_strength_1,oscillator_strength_2,oscillator_strength_3,oscillator_strength_4,pccdb_id,smiles
4,0,66.43,13.92,3.749,3.989,4.144,4.333,-4.528,4.512,-1.236,-0.016,90.67,48.87,0.0006,0.0042,0.0142,0.002,1,[O]C(=O)C[C@@H](C[N](C)(C)C)OC(=O)C
4,3,77.76,4.4,3.854,4.276,4.356,5.105,-6.729,4.528,-0.711,-2.201,132.75,36.8,0.0299,0.0188,0.193,0.0162,3,O[C@H]1C=CC=C([C@@H]1O)C(=O)O
2,2,46.25,2.47,5.596,6.262,6.46,6.642,-6.188,8.036,0.026,1.848,48.3,20.4,0.0039,0.0227,0.0011,0.0442,4,C[C@@H](CN)O
6,3,119.66,3.46,4.245,5.121,5.732,5.876,-7.029,5.567,-0.676,-1.461,130.8,31.51,0.0001,0.0001,0.0018,0.0098,5,NCC(=O)COP(=O)(O)O
5,1,69.62,2.48,4.949,4.986,5.215,5.433,-5.842,5.442,1.01,-0.4,146.83,45.8,0.1801,0.0314,0.0366,0.0102,7,CCn1cnc2c1[N]C=N[C]2N
4,3,77.76,4.79,5.491,6.234,6.82,6.935,-6.974,7.285,-0.407,0.31,98.85,35.09,0.0006,0.0037,0.0154,0.0119,8,CC[C@@]([C@@H](C(=O)O)O)(O)C
4,4,80.92,3.64,4.233,4.569,4.77,4.87,-5.11,5.614,0.509,0.503,166.21,34.53,0.0017,0.0,0.0531,0.0004,12,Oc1cc(O)c(c(c1)O)O
5,2,86.96,3.78,3.738,3.977,4.289,4.808,-7.168,4.542,-0.639,-2.626,177.32,43.73,0.0065,0.0231,0.0393,0.0066,17,OC(=O)[C@@H]1CC=CC(=N1)C(=O)O
4,3,77.76,5.44,3.953,4.968,5.041,5.068,-5.989,4.509,0.796,-1.48,176.59,37.45,0.0772,0.0,0.0024,0.0814,19,OC(=O)c1cccc(c1O)O
4,2,74.6,2.68,4.622,4.973,5.953,6.461,-7.353,5.921,-0.199,-1.431,101.63,34.13,0.0019,0.0177,0.0063,0.0162,21,CC[C@](C(=O)O)(C(=O)C)O
4,2,74.6,2.67,4.617,4.975,5.975,6.499,-7.374,5.91,-0.589,-1.464,102.29,29.32,0.0028,0.0162,0.0065,0.0108,22,CC(=O)[C@@](C(=O)O)(O)C
5,3,100.62,5.12,3.614,4.058,4.526,4.913,-5.736,3.649,0.255,-2.087,205.0,36.26,0.5521,0.0,0.0001,0.0177,28,OC(=O)/C=C/C=C(\C(=O)O)/N
4,2,80.39,2.85,4.123,4.783,5.172,5.681,-7.295,5.459,-0.703,-1.837,138.56,21.21,0.0042,0.0043,0.0194,0.0002,29,O=C[C@@H](C(=O)O)N
4,2,80.39,4.5,3.193,3.763,4.657,4.826,-6.182,3.731,0.369,-2.452,159.57,34.69,0.0006,0.6143,0.0009,0.1729,30,O=C/C=C/C=C(\C(=O)O)/N
7,5,137.26,7.99,6.573,6.793,6.853,6.884,-7.423,8.294,-1.8,0.871,120.71,41.74,0.0062,0.0036,0.0184,0.003,31,OC[C@]([C@@H](COP(=O)(O)O)O)(O)C
5,3,94.83,4.72,5.593,5.889,6.094,6.284,-7.717,6.898,-0.211,-0.819,145.71,40.47,0.0033,0.0011,0.0071,0.0027,36,CC([C@@H]([C@@H](C(=O)O)O)C(=O)O)C
4,2,74.6,1.9,3.688,4.422,5.325,5.798,-7.127,5.241,-0.341,-1.886,109.29,33.83,0.0003,0.0078,0.0022,0.0017,38,OCC(C(=O)C(=O)O)(C)C
3,0,43.37,5.44,3.026,4.661,5.471,6.135,-6.934,4.599,0.139,-2.335,48.53,30.07,0.0002,0.0,0.0591,0.0024,39,O=C1C(=O)OCC1(C)C
5,4,90.15,4.65,5.871,6.279,6.418,6.545,-6.743,7.793,-2.192,1.05,61.54,34.57,0.0056,0.0012,0.0132,0.0044,40,OC[C@H]1O[C@H](O)C[C@H]([C@H]1O)O
6,3,111.9,10.85,3.227,3.499,4.088,4.106,-6.705,3.646,0.503,-3.059,181.44,49.74,0.0063,0.0032,0.7239,0.0027,42,O=C(CCC(=O)O)/C=C/C=C(\C(=O)O)/O
5,3,94.83,4.22,5.393,5.736,5.834,6.001,-6.996,6.384,-0.703,-0.612,147.04,30.85,0.0025,0.0045,0.0006,0.0006,43,OC(=O)CC[C@@H](C(=O)O)O
5,3,94.83,2.14,5.694,5.883,6.69,6.972,-8.289,7.282,-1.484,-1.007,148.36,21.24,0.0032,0.0029,0.0019,0.0407,45,OC(C(=O)O)C(=O)O
3,1,54.37,1.17,3.181,5.026,5.716,6.018,-6.955,4.816,0.686,-2.139,71.99,32.93,0.0002,0.0007,0.0007,0.015,47,C[C@@H](C(=O)C(=O)O)CC
5,2,97.46,5.49,3.334,3.441,3.48,4.983,-6.977,4.063,-0.394,-2.914,148.29,31.03,0.0001,0.0005,0.0014,0.0001,48,OC(=N)CCC(=O)C(=O)O
3,1,54.37,1.27,3.202,5.044,6.085,6.245,-6.963,4.838,0.296,-2.125,72.65,28.12,0.0001,0.0008,0.006,0.0281,49,CC(C(=O)C(=O)O)C
7,5,135.29,1.82,3.612,4.288,4.445,5.05,-7.23,5.045,-3.285,-2.185,146.46,37.58,0.0003,0.0173,0.0138,0.003,50,OC[C@@H]([C@@H]([C@@H](C(=O)C(=O)O)O)O)O
5,2,91.67,5.43,3.332,3.607,4.693,4.975,-7.178,4.169,-0.495,-3.01,149.81,29.89,0.0003,0.003,0.0009,0.0001,51,OC(=O)CCC(=O)C(=O)O
3,1,54.37,1.15,3.276,5.079,6.266,6.459,-7.053,4.925,0.05,-2.128,73.31,23.31,0.0,0.0,0.0313,0.0044,58,CCC(=O)C(=O)O
4,3,89.34,2.25,5.398,5.469,5.79,6.013,-6.351,6.474,0.536,0.122,159.76,33.34,0.0275,0.0039,0.0244,0.0062,63,C[C@@H](C[C@@H](C(=O)O)N)N
4,2,74.6,5.11,3.086,4.174,4.247,5.079,-6.615,4.144,0.658,-2.471,105.61,38.36,0.0,0.6867,0.0002,0.0002,69,CC(=O)/C=C/C=C(\C(=O)O)/O
3,1,54.37,1.02,3.25,5.054,5.77,5.929,-7.026,4.893,0.686,-2.133,71.99,32.93,0.0,0.0,0.0016,0.0063,70,CC(CC(=O)C(=O)O)C
5,2,91.67,2.98,3.266,4.608,5.046,5.724,-7.143,4.882,-0.105,-2.261,149.15,34.7,0.0001,0.0067,0.0,0.0006,71,OC(=O)CCCC(=O)C(=O)O
4,3,77.76,4.57,4.542,4.805,5.004,5.186,-6.207,5.075,0.796,-1.132,176.59,37.45,0.0959,0.0291,0.0544,0.0007,72,OC(=O)c1ccc(c(c1)O)O
2,1,43.09,2.24,4.302,5.159,5.661,6.345,-6.441,5.894,0.234,-0.547,61.4,19.44,0.0002,0.0007,0.0166,0.0076,75,NCCC=O
5,3,94.83,3.62,5.353,5.534,6.11,6.607,-7.486,6.876,-0.067,-0.61,156.73,40.51,0.0041,0.0018,0.0011,0.0015,77,OC(=O)C[C@@](C(=O)O)(C(C)C)O
2,0,36.68,3.87,4.502,4.927,5.204,5.652,-7.619,5.782,0.953,-1.837,56.56,28.95,0.0007,0.0033,0.0696,0.1839,79,N#Cc1cccnc1
5,3,94.83,2.09,3.061,4.229,4.505,4.904,-6.95,4.329,-1.308,-2.62,144.35,37.47,0.0009,0.0041,0.0054,0.0233,80,O[C@H]1CC(=CC(=O)[C@@H]1O)C(=O)O
4,3,83.55,4.99,3.805,4.587,4.893,4.955,-5.461,4.387,1.254,-1.075,185.78,39.83,0.0979,0.0022,0.0074,0.0056,86,OC(=O)c1cccc(c1N)O
3,2,57.53,5.45,5.594,6.209,6.874,6.937,-6.999,7.505,-0.301,0.506,70.54,24.28,0.0009,0.0016,0.0025,0.0022,87,OC[C@@H](C(=O)O)C
3,2,57.53,5.18,5.004,5.248,5.45,5.612,-6.109,5.929,1.409,-0.18,123.96,44.82,0.0395,0.0002,0.003,0.0156,91,OC(=O)CCc1cccc(c1)O
5,2,91.67,6.18,4.477,4.727,5.56,5.666,-7.021,5.295,-0.105,-1.725,149.15,34.7,0.0009,0.0023,0.0017,0.0111,93,OC(=O)CCC(=O)CC(=O)O
7,5,135.29,4.26,4.234,4.872,5.375,5.708,-7.353,5.785,-3.285,-1.567,146.46,37.58,0.001,0.0256,0.0008,0.0043,95,OC[C@@H]([C@@H](C(=O)[C@@H](C(=O)O)O)O)O
3,1,54.37,5.23,4.557,5.209,5.692,6.113,-7.298,5.826,0.05,-1.472,73.31,23.31,0.0017,0.0185,0.0009,0.0004,96,CC(=O)CC(=O)O
4,2,93.17,0.36,3.169,3.857,5.057,5.535,-6.934,4.555,-0.43,-2.378,94.24,26.44,0.0081,0.0213,0.0016,0.0063,98,OC(=O)C(=O)CS
2,2,40.46,2.34,4.971,5.258,5.635,5.896,-6.016,5.883,0.884,-0.133,66.74,34.59,0.0386,0.0001,0.014,0.005,102,OCc1cccc(c1)O
4,1,63.6,4.9,5.347,5.543,5.553,6.05,-7.075,6.079,0.292,-0.996,98.83,31.42,0.0534,0.0013,0.0086,0.0025,104,OC(=O)CC1=CCC(=O)O1
2,1,37.3,5.06,5.29,5.52,5.811,6.033,-6.983,6.348,1.704,-0.634,82.98,42.79,0.0009,0.0049,0.0339,0.0021,107,OC(=O)CCc1ccccc1
3,1,50.19,3.58,4.708,5.031,5.173,5.56,-7.159,5.845,0.709,-1.314,99.15,35.78,0.0059,0.0007,0.0423,0.0548,108,OC(=O)Cc1cccnc1
5,3,119.83,2.64,5.277,5.606,5.64,6.038,-7.08,6.253,0.186,-0.827,177.49,30.86,0.0026,0.0156,0.0036,0.0065,109,O[S](C[C@@H](C(=O)O)N)[O]
5,2,110.88,2.27,3.147,3.843,4.926,5.099,-7.246,4.582,-0.273,-2.664,144.63,28.36,0.0023,0.0507,0.0005,0.0007,110,O[S](CC(=O)C(=O)O)[O]
5,3,92.42,3.56,5.516,5.621,5.829,5.893,-6.493,6.49,0.221,-0.003,165.08,29.21,0.0054,0.0012,0.0008,0.0113,111,OC(=O)CCNC(=N)O
8,4,151.17,2.71,3.421,4.252,4.846,4.971,-7.706,5.015,-1.89,-2.691,171.66,36.55,0.0001,0.018,0.0018,0.0,113,O[C@H](C(=O)C(=O)O)COP(=O)(O)O
3,1,50.19,2.48,4.818,5.101,5.352,5.682,-6.895,6.212,1.489,-0.683,97.82,45.4,0.0041,0.0002,0.0431,0.0008,114,OC(=O)CCCc1cccnc1
4,3,92.0,6.71,4.764,5.105,5.373,5.488,-5.889,5.652,0.271,-0.237,207.58,29.95,0.0065,0.1625,0.0322,0.026,117,Nc1c(nc[nH]1)C(=O)O
2,1,43.09,4.3,4.209,5.4,5.775,6.192,-6.588,6.196,0.625,-0.392,60.74,24.25,0.0001,0.016,0.0051,0.0034,118,NCCCC=O
3,2,63.32,6.63,5.49,5.994,6.359,6.747,-6.629,7.372,0.51,0.743,106.17,25.82,0.002,0.0049,0.0132,0.0017,119,NCCCC(=O)O
6,2,108.74,4.51,3.255,3.863,4.124,4.408,-7.225,4.615,-0.37,-2.61,179.0,44.04,0.0003,0.0001,0.0067,0.0008,122,O=C(CC(=O)CC(=O)O)/C=C/C(=O)O
5,3,107.49,8.69,5.361,5.382,5.513,5.822,-6.12,6.936,0.626,0.816,176.1,38.16,0.002,0.0015,0.002,0.0052,123,[NH][C](CCCNC(=[NH2])[NH])O
4,2,74.6,2.11,3.196,4.219,5.074,5.688,-7.094,4.814,-0.589,-2.28,91.27,29.28,0.0002,0.0012,0.003,0.0294,124,C[C@@H](CC(=O)C(=O)O)O
2,2,40.46,1.4,4.931,5.209,5.531,5.769,-5.94,5.84,0.884,-0.101,66.74,34.59,0.0284,0.0008,0.1236,0.0067,125,OCc1ccc(cc1)O
3,2,57.53,5.17,4.851,5.376,5.479,5.573,-6.37,5.676,1.019,-0.694,124.62,40.01,0.0251,0.0023,0.0396,0.0979,127,OC(=O)Cc1ccc(cc1)O
5,2,78.76,3.93,4.898,5.451,5.709,5.754,-6.996,6.046,-0.858,-0.95,139.61,44.54,0.0025,0.0755,0.0022,0.0006,128,OC(=O)CC[C@H]1N=CN=C1O
1,0,17.07,2.55,4.338,6.458,6.86,7.132,-6.857,6.359,1.621,-0.498,5.16,31.16,0.0002,0.0235,0.0352,0.0022,129,O=CCCC(C)C
4,2,80.39,5.01,4.254,4.972,5.093,5.534,-6.928,5.464,0.079,-1.464,126.9,30.83,0.0002,0.0006,0.0004,0.0013,137,NCC(=O)CCC(=O)O
3,2,63.32,7.22,5.568,5.847,6.397,6.504,-6.425,7.464,0.9,1.039,105.51,30.63,0.0015,0.0051,0.0121,0.0071,138,NCCCCC(=O)O
6,4,121.1,5.36,4.831,5.082,5.331,5.507,-6.011,5.323,0.372,-0.688,278.95,38.15,0.3428,0.0,0.0,0.1854,155,OC(=N)Nc1[nH]cnc1C(=O)O
4,2,49.84,1.37,3.93,4.373,4.612,4.863,-5.001,4.446,0.59,-0.555,127.02,44.4,0.1443,0.0082,0.0007,0.0892,156,C1CN=c2c(N1)cnc[nH]2
7,5,135.29,5.12,3.823,5.015,5.548,5.683,-7.056,5.521,-3.285,-1.535,146.46,37.58,0.0001,0.0093,0.0187,0.0013,157,OCC(=O)[C@@H]([C@@H]([C@@H](C(=O)O)O)O)O
6,2,108.93,5.35,4.759,5.12,5.295,5.508,-6.618,5.959,0.099,-0.659,192.69,55.46,0.0019,0.0016,0.0006,0.0136,162,OC(=O)[C@@H]1N2C(=O)[C@H]([C@@H]2SC1(C)C)N
4,0,50.5,2.4,1.999,3.102,3.391,4.172,-6.558,3.181,-2.399,-3.377,133.73,40.61,0.0001,0.0021,0.0576,0.0005,167,C1CN=c2c([N]1)cnc[n]2
2,2,40.46,2.48,6.266,6.415,7.187,7.332,-7.037,8.743,-1.029,1.706,13.33,14.05,0.0031,0.0206,0.0183,0.0189,174,OCCO
2,1,37.3,4.3,5.72,6.521,7.575,7.706,-7.415,7.668,0.091,0.253,53.25,13.5,0.001,0.0222,0.0042,0.0165,176,CC(=O)O
1,0,17.07,2.64,4.318,6.665,7.144,7.634,-6.944,6.351,0.205,-0.593,7.82,11.93,0.0,0.0251,0.075,0.0401,177,CC=O
2,1,43.09,4.24,6.256,6.308,6.333,7.213,-7.135,7.919,0.192,0.784,51.73,14.64,0.0018,0.001,0.0255,0.0118,178,CC(=N)O
2,1,37.3,1.76,4.155,5.901,6.493,6.566,-6.468,5.943,-0.044,-0.525,14.77,22.7,0.0001,0.0033,0.0184,0.0208,179,CC(=O)[C@@H](O)C
1,0,17.07,2.61,4.299,6.181,7.054,7.387,-6.615,6.147,0.595,-0.468,-3.18,16.73,0.0,0.0529,0.0027,0.0,180,CC(=O)C
5,2,93.64,3.53,5.871,6.644,6.753,7.17,-8.313,7.429,-0.358,-0.884,77.21,24.0,0.0009,0.0138,0.0312,0.0104,186,CC(=O)OP(=O)(O)O
5,2,89.62,4.77,5.561,5.646,5.927,6.002,-6.863,6.286,-0.338,-0.577,117.95,31.91,0.0075,0.0014,0.0009,0.0044,189,CC(=O)OC[C@@H](C(=O)O)N
4,2,80.48,4.09,4.334,4.65,4.714,5.057,-5.842,4.724,0.516,-1.118,191.6,36.09,0.0849,0.1237,0.0004,0.0028,190,Nc1nc[nH]c2c1ncn2
4,2,74.6,8.29,5.46,5.576,5.784,5.848,-6.748,6.063,0.716,-0.686,127.75,34.5,0.0011,0.0006,0.0003,0.0004,196,OC(=O)CCCCC(=O)O
4,3,90.42,3.46,5.229,5.595,5.826,6.001,-5.978,7.608,1.1,1.63,154.71,37.96,0.0019,0.0129,0.0056,0.0013,199,NCCCCNC(=[NH2])[NH]
8,5,147.54,2.36,5.291,5.633,5.835,6.079,-6.822,6.31,-0.084,-0.512,278.23,35.31,0.0054,0.0048,0.0083,0.002,203,OC(=O)C(NC(=N)O)NC(=N)O
7,4,113.32,3.13,4.774,5.266,5.458,5.774,-6.7,5.785,-0.431,-0.914,217.97,39.55,0.0046,0.0236,0.016,0.0027,204,OC(=N)N[C@H]1N=[C](=[N]=C1O)O
4,3,83.55,4.38,5.63,5.973,6.102,6.382,-6.808,7.26,-0.521,0.452,124.79,26.98,0.0013,0.0003,0.008,0.0013,205,C[C@@H]([C@@H](C(=O)O)N)O
4,2,80.39,5.48,4.15,5.402,5.626,6.019,-6.944,6.106,0.468,-0.838,136.57,35.64,0.0,0.0026,0.0004,0.0008,207,O=CCCC[C@@H](C(=O)O)N
2,1,43.09,2.9,4.304,5.413,5.79,6.264,-6.411,6.112,0.234,-0.299,51.07,19.44,0.0001,0.0072,0.0057,0.0257,215,CC(=O)CN
6,4,116.39,8.55,3.454,3.899,4.35,4.62,-5.301,4.016,-1.003,-1.284,253.03,57.89,0.1585,0.0052,0.2846,0.0001,218,OCC1=NC2=C(NC1)NC(=[N]=C2O)[NH]
4,2,80.39,3.61,4.248,5.287,5.415,5.747,-7.034,5.671,-0.312,-1.363,127.56,26.02,0.0029,0.0082,0.0121,0.0009,219,N[C@H](C(=O)O)C(=O)C
1,1,3.24,1.91,6.618,8.507,8.507,9.906,-6.868,9.007,0.324,2.139,110.39,4.73,0.1251,0.0011,0.0011,0.0161,222,N
2,3,59.84,1.35,5.656,6.091,6.523,6.625,-6.637,7.268,-0.204,0.631,60.91,19.44,0.0296,0.0432,0.1666,0.0798,226,N[C@H](P)O
3,2,63.32,3.63,3.905,4.896,5.049,5.141,-5.755,4.553,1.548,-1.203,144.8,37.81,0.0903,0.0058,0.0156,0.024,227,OC(=O)c1ccccc1N
5,4,90.15,3.09,6.198,6.458,6.761,6.858,-7.048,8.218,-2.582,1.17,62.2,29.77,0.0071,0.0001,0.026,0.0056,229,O[C@@H]1CO[C@@H]([C@@H]([C@@H]1O)O)O
5,3,106.41,6.64,5.053,5.311,5.375,5.493,-6.944,6.104,-0.326,-0.841,181.81,28.73,0.021,0.0066,0.0067,0.0015,236,OC(=N)C[C@@H](C(=O)O)N
3,2,63.32,6.66,5.559,6.116,6.36,6.827,-6.729,7.461,0.12,0.732,106.84,21.01,0.0016,0.001,0.0142,0.0021,239,NCCC(=O)O
0,0,0.0,0.0,5.41,6.077,6.349,6.35,-6.702,6.8,1.687,0.098,2.31,26.44,0.0,0.0,0.0,0.0,241,c1ccccc1
2,1,37.3,4.78,4.708,5.02,5.527,5.95,-7.214,5.826,1.385,-1.388,94.64,33.4,0.0095,0.0141,0.1498,0.0234,243,OC(=O)c1ccccc1
1,1,20.23,1.53,5.273,5.804,6.141,6.327,-6.577,6.476,1.179,-0.101,25.77,32.57,0.0002,0.0553,0.0096,0.0497,244,OCc1ccccc1
2,0,40.13,10.74,4.375,4.43,4.779,4.792,-5.116,5.665,-1.558,0.55,80.89,28.35,0.0002,0.0247,0.0,0.0002,247,[O]C(=O)C[N](C)(C)C
1,0,17.07,2.5,4.333,6.56,6.921,7.216,-6.868,6.357,0.985,-0.512,6.49,21.54,0.0002,0.0255,0.0606,0.0045,261,CCCC=O
2,2,40.46,0.0,6.338,6.432,7.145,7.167,-6.77,8.672,-0.252,1.902,12.0,23.67,0.0143,0.0,0.016,0.0236,262,C[C@H]([C@@H](O)C)O
1,1,20.23,1.72,6.45,7.24,7.381,7.606,-7.075,9.176,0.779,2.101,-6.62,22.5,0.0089,0.0165,0.0193,0.0205,263,CCCCO
2,1,37.3,4.13,5.747,6.454,7.372,7.48,-7.369,7.69,0.871,0.321,51.92,23.11,0.0004,0.015,0.0154,0.0037,264,CCCC(=O)O
5,2,93.64,4.98,5.742,6.584,6.727,7.053,-8.248,7.358,0.422,-0.89,75.88,33.61,0.003,0.0338,0.0102,0.0123,266,CCCC(=O)OP(=O)(O)O
2,2,52.04,1.68,5.577,5.625,6.172,6.207,-6.223,8.052,1.475,1.829,82.6,31.56,0.0119,0.0086,0.0274,0.0035,273,NCCCCCN
6,3,119.66,6.43,6.388,6.753,6.924,7.13,-8.008,8.117,-0.125,0.109,142.46,22.29,0.0036,0.0022,0.011,0.0289,278,OC(=N)OP(=O)(O)O
7,4,129.72,5.06,5.099,5.471,5.723,5.769,-7.116,6.248,-0.326,-0.868,241.57,35.79,0.0121,0.0034,0.0014,0.0071,279,OC(=O)C[C@@H](C(=O)O)NC(=N)O
1,0,0.0,0.06,8.35,8.35,9.56,9.895,-10.109,9.516,-0.208,-0.593,34.22,4.07,0.09,0.09,0.0,0.0,281,[C]=O
4,2,72.55,5.81,5.452,6.116,6.478,6.781,-6.876,7.244,-0.338,0.367,100.9,17.29,0.0019,0.0138,0.0036,0.003,286,NOCC(=O)O
3,1,60.36,13.39,3.754,4.006,4.266,4.325,-4.411,5.004,-1.806,0.593,98.18,39.13,0.0009,0.0079,0.0072,0.0005,288,O[C@@H](C[N](C)(C)C)CC(=O)[O]
3,1,54.37,4.22,4.297,4.945,5.689,5.837,-7.497,5.657,-0.094,-1.84,83.65,23.31,0.0019,0.0255,0.0009,0.0001,296,O=C[C@@H](C(=O)O)C
0,0,0.0,0.0,10.103,10.103,10.103,11.272,-10.588,13.796,0.636,3.208,-23.24,6.92,0.1278,0.1278,0.1278,0.0,297,C
1,0,17.07,4.56,3.399,4.34,4.42,5.493,-6.577,4.49,1.899,-2.087,57.9,41.54,0.0001,0.6488,0.0609,0.1013,307,O=C/C=C/c1ccccc1
1,1,20.23,1.89,4.689,4.816,5.54,5.679,-6.076,5.07,1.692,-1.007,44.79,42.5,0.3685,0.1451,0.004,0.1736,308,OC/C=C/c1ccccc1
6,3,111.9,5.54,3.724,4.511,4.691,5.12,-7.619,4.718,-0.443,-2.901,218.12,35.8,0.0102,0.0633,0.0032,0.0475,309,OC(=O)C/C(=C\C(=O)O)/C(=O)O
4,2,74.6,0.0,4.074,4.122,4.546,5.576,-7.146,4.504,0.268,-2.642,147.33,33.55,0.0,0.0,0.8786,0.0,310,OC(=O)/C=C/C=C/C(=O)O
3,2,57.53,5.49,4.131,4.325,4.571,5.206,-6.109,4.373,1.49,-1.736,144.31,45.13,0.6431,0.0001,0.0215,0.0003,322,OC(=O)/C=C/c1ccc(cc1)O
2,0,30.21,4.82,4.134,4.457,4.594,5.396,-6.495,4.618,1.793,-1.878,82.32,42.48,0.1192,0.0,0.1673,0.0165,323,O=c1ccc2c(o1)cccc2
1,1,20.23,1.78,5.179,5.665,5.902,6.171,-6.338,6.291,2.302,-0.046,29.28,47.15,0.0016,0.1391,0.0007,0.0505,325,OCc1ccc(cc1)C(C)C
1,0,17.07,3.86,3.711,4.677,4.929,5.597,-6.836,5.238,2.623,-1.597,40.6,46.41,0.0001,0.0162,0.3753,0.0001,326,O=Cc1ccc(cc1)C(C)C
4,3,77.76,5.12,4.917,5.302,5.397,5.57,-6.335,5.785,0.51,-0.55,143.24,41.17,0.0244,0.1315,0.0126,0.0223,328,OC(=O)[C@H](c1ccc(cc1)O)O
4,3,89.34,4.76,5.262,5.457,5.587,5.725,-6.215,6.299,0.926,0.084,159.09,38.14,0.0156,0.0274,0.0138,0.0106,331,C[C@@H](C[C@@H](CC(=O)O)N)N
2,1,29.46,2.23,4.548,4.572,4.807,5.426,-5.529,4.92,2.044,-0.61,43.53,45.05,0.2444,0.0644,0.0008,0.0263,332,COc1cc(C=C)ccc1O
1,1,20.23,1.16,5.051,5.122,5.752,5.773,-5.823,6.003,1.701,0.18,48.13,33.43,0.0391,0.0004,0.0048,0.019,335,Cc1ccccc1O
6,4,112.65,2.14,5.407,5.657,6.25,6.307,-7.053,6.544,-0.851,-0.509,184.36,25.57,0.0067,0.017,0.0297,0.0136,336,OC(=N)N[C@H](C(=O)O)O
4,3,77.76,2.57,4.59,4.983,5.918,6.187,-6.947,5.723,-1.71,-1.225,51.35,29.83,0.001,0.0091,0.0205,0.0011,337,OC[C@H]([C@H](C(=O)C)O)O
4,3,93.36,1.91,5.666,6.103,6.636,6.797,-6.561,7.728,-0.177,1.167,116.67,25.42,0.0149,0.0136,0.0186,0.0185,339,NCCP(=O)(O)O
2,2,40.46,1.3,4.801,4.921,5.085,5.493,-5.461,5.755,1.406,0.294,89.1,35.45,0.0014,0.0417,0.0001,0.0075,340,Oc1c(C)cccc1O
1,1,20.23,1.06,4.996,5.201,5.763,5.794,-5.878,5.932,1.701,0.054,48.13,33.43,0.0398,0.0001,0.0062,0.0017,342,Cc1cccc(c1)O
5,3,94.83,4.7,2.61,3.954,4.496,5.058,-6.631,4.125,-2.389,-2.506,94.65,32.73,0.0001,0.0005,0.0032,0.0013,344,O[C@@H]1CC(=O)C(=O)[C@@H]([C@@H]1O)O
5,2,91.67,2.92,2.937,4.299,4.769,4.793,-7.197,4.444,0.061,-2.754,158.27,39.03,0.0,0.0909,0.0535,0.1299,354,OC(=O)CC/C=C/C(=O)C(=O)O
4,2,74.6,4.14,3.136,3.964,4.123,4.937,-6.814,4.256,0.659,-2.558,156.34,40.43,0.0,0.3162,0.0076,0.0,355,Oc1ccc(cc1)C(=O)C(=O)O
0,0,0.0,0.0,7.738,7.922,7.941,7.995,-8.109,10.653,3.367,2.544,-27.89,40.57,0.0,0.019,0.0,0.0138,356,CCCCCCCC
4,2,80.39,4.73,4.197,4.906,5.227,5.539,-6.705,5.219,0.468,-1.486,126.24,35.64,0.0005,0.002,0.0237,0.0125,358,C[C@@H](CC(=O)CC(=O)O)N
3,3,60.69,2.72,5.004,5.071,5.084,5.313,-5.785,6.373,0.803,0.588,125.24,32.51,0.0006,0.0018,0.0013,0.0011,359,Oc1cc(O)cc(c1)O
3,2,57.53,3.47,3.859,5.471,5.598,5.737,-6.49,5.336,0.152,-1.154,60.52,31.3,0.0001,0.0913,0.1807,0.0977,361,O[C@H]1CC(=CC(=O)C1)O
2,2,40.46,2.72,4.419,4.692,5.136,5.552,-6.128,4.999,1.108,-1.129,90.83,46.52,0.118,0.0187,0.0225,0.3473,362,O[C@H]1C=Cc2c([C@H]1O)cccc2
2,1,43.09,3.0,4.16,5.122,6.062,6.46,-6.735,6.041,-0.156,-0.694,62.07,14.64,0.0001,0.0089,0.0051,0.0088,363,NCC=O
4,3,89.34,5.26,5.297,5.596,6.326,6.332,-6.381,6.977,-0.242,0.596,161.09,23.72,0.0104,0.0088,0.0025,0.0076,364,N[C@H](C(=O)O)CN
4,0,56.51,4.41,4.144,4.516,4.536,5.277,-6.373,4.585,2.027,-1.788,114.0,58.95,0.2424,0.0,0.1328,0.0454,366,CC(=O)Oc1ccc2c(c1)oc(=O)cc2C
3,3,64.07,3.08,5.167,5.475,5.541,5.571,-5.657,7.685,1.845,2.027,107.79,48.79,0.0055,0.007,0.0045,0.0128,368,NCCCCNCCCCN
5,4,97.99,4.27,4.526,4.577,4.801,4.908,-6.079,4.936,0.502,-1.143,217.57,39.47,0.0238,0.1661,0.0018,0.0102,370,OC(=O)c1cc(O)c(c(c1)O)O
4,2,74.6,0.49,4.043,4.436,5.288,5.404,-8.27,5.459,-0.841,-2.811,146.43,23.05,0.0001,0.0007,0.0003,0.1177,371,OC(=O)C#CC(=O)O
4,2,74.6,2.74,4.387,5.456,5.803,6.219,-7.04,6.199,-0.199,-0.841,90.6,34.09,0.0,0.0006,0.0008,0.0032,376,CC(=O)C[C@@H](CC(=O)O)O
2,1,37.3,4.4,5.584,6.427,7.233,7.291,-7.214,7.502,2.432,0.288,49.27,42.34,0.002,0.0116,0.0004,0.0007,379,CCCCCCCC(=O)O
4,2,74.6,8.94,5.397,5.61,5.726,5.779,-6.648,5.948,1.106,-0.699,127.09,39.31,0.0008,0.001,0.0004,0.0007,385,OC(=O)CCCCCC(=O)O
4,3,89.34,4.74,5.118,5.474,5.633,6.011,-6.065,6.289,0.538,0.223,159.76,33.34,0.0167,0.0051,0.0057,0.0131,389,N[C@H](C(=O)O)CCCN
4,3,89.34,4.53,5.425,5.631,5.72,5.812,-6.389,6.634,0.928,0.245,159.09,38.14,0.0084,0.0053,0.0251,0.0022,392,NCCC[C@@H](CC(=O)O)N
2,2,58.88,6.01,4.6,4.829,4.94,5.33,-5.804,5.192,1.896,-0.612,174.74,50.98,0.0744,0.0225,0.0007,0.012,397,OC(=N)Cc1c[nH]c2c1cccc2
0,0,45.82,3.72,4.139,4.41,6.844,7.033,-7.87,6.166,1.195,-1.703,6.19,24.64,0.0002,0.0001,0.1248,0.0037,398,CC(N(=O)=O)C
3,1,46.17,3.73,3.494,4.139,4.734,5.074,-6.482,4.836,1.776,-1.646,94.03,41.72,0.0004,0.0866,0.0454,0.0896,400,O/C=N/c1ccccc1C=O
4,2,64.35,5.92,5.011,5.655,6.013,6.083,-6.068,6.416,-0.596,0.348,94.22,25.13,0.0206,0.0286,0.0141,0.0179,401,N[C@@H]1CON=C1O
1,1,25.3,1.43,5.806,6.13,7.548,7.797,-7.116,7.649,0.113,0.533,8.97,10.38,0.0728,0.0,0.0,0.0157,402,S
2,2,46.25,2.11,4.337,4.475,4.552,5.223,-4.991,5.113,1.556,0.122,93.45,32.87,0.0517,0.0036,0.0004,0.0003,403,Nc1ccc(cc1)O
5,4,95.58,3.12,5.488,5.864,5.907,6.001,-6.7,6.74,0.639,0.041,185.93,38.97,0.0037,0.0019,0.0138,0.0071,404,ONCCCC[C@@H](C(=O)O)N
2,1,24.92,2.44,4.807,4.858,5.159,5.213,-6.221,5.739,1.835,-0.482,70.42,48.23,0.0018,0.0038,0.0,0.0005,412,C1CN[C@@H](C1)c1cccnc1
3,1,41.99,4.61,4.894,5.147,5.331,5.705,-6.612,6.237,1.361,-0.376,91.81,48.43,0.0038,0.0001,0.0492,0.0097,413,OC1=N[C@@H](CC1)c1cccnc1
2,2,40.46,2.92,4.363,4.768,5.691,5.763,-6.308,5.037,-0.166,-1.271,52.83,30.22,0.0386,0.0816,0.0009,0.0264,418,O[C@H]1C=CC=C[C@@H]1O
5,2,91.67,4.21,3.324,3.591,3.749,4.476,-7.51,4.025,-0.329,-3.486,158.94,34.23,0.0129,0.0037,0.0101,0.0009,419,OC(=O)/C=C/C(=O)CC(=O)O
4,3,114.9,5.87,5.23,5.331,5.622,5.668,-6.631,6.797,2.25,0.166,89.79,58.2,0.0312,0.003,0.001,0.0024,421,SCC[C@H](CCCCC(=O)O)S
4,2,80.39,4.82,4.553,4.845,5.371,5.659,-6.838,5.491,0.078,-1.347,126.9,30.83,0.0002,0.0047,0.005,0.0031,423,CC(=O)C[C@@H](C(=O)O)N
5,3,100.62,4.55,5.492,5.615,5.876,5.886,-7.048,6.305,-0.427,-0.743,183.33,27.59,0.0047,0.0039,0.0009,0.0069,424,OC(=O)C[C@@H](C(=O)O)N
2,2,52.04,1.43,5.619,5.628,6.174,6.176,-6.221,8.534,0.695,2.313,83.93,21.95,0.0039,0.0215,0.0002,0.0039,428,NCCCN
3,1,50.19,3.75,4.353,4.547,4.97,5.01,-6.727,4.969,1.569,-1.758,118.17,45.71,0.0041,0.3769,0.0077,0.0806,439,OC(=O)C/C=C/c1cccnc1
3,2,57.53,5.95,5.637,6.175,6.98,7.127,-6.944,7.543,-0.158,0.599,70.54,24.28,0.0007,0.0069,0.0087,0.0283,441,C[C@@H](CC(=O)O)O
4,3,77.76,4.54,5.596,6.418,6.628,6.728,-7.108,7.497,-0.406,0.389,98.85,35.09,0.0011,0.0111,0.018,0.0025,449,OCC[C@](CC(=O)O)(O)C
1,0,17.07,2.57,4.335,6.505,6.824,6.969,-6.849,6.357,2.546,-0.493,3.83,40.77,0.0002,0.0232,0.0446,0.0012,454,CCCCCCCC=O
6,3,109.49,4.77,3.593,4.353,4.668,5.256,-6.822,4.61,-0.643,-2.212,187.13,24.6,0.0066,0.0477,0.0074,0.006,456,[NH]/C(=N/[C](C(=O)O)O)/O
2,1,29.46,2.14,5.0,5.108,5.631,5.746,-5.821,5.951,1.401,0.131,49.4,34.96,0.0411,0.0004,0.0324,0.0052,460,COc1ccccc1O
5,3,100.62,5.25,5.428,5.612,5.705,5.831,-6.517,6.204,0.353,-0.313,182.0,37.21,0.0024,0.001,0.003,0.0004,469,OC(=O)CCC[C@@H](C(=O)O)N
4,3,89.34,5.96,5.587,5.759,6.023,6.126,-6.436,7.282,0.148,0.846,160.42,28.53,0.001,0.0002,0.0049,0.0051,470,N[C@H](C(=O)O)CCN
5,2,97.46,3.39,3.17,3.362,3.612,4.057,-5.739,3.845,1.077,-1.894,185.59,52.63,0.0003,0.0003,0.1206,0.0,472,OC(=O)C(=O)CC(=O)c1ccccc1N
2,2,54.7,3.23,4.938,5.576,6.039,6.088,-5.761,6.808,0.573,1.048,115.25,22.99,0.0026,0.0055,0.0199,0.1023,484,Nc1cnc[nH]1
4,2,74.6,5.0,5.556,5.799,5.943,6.616,-7.353,6.514,-0.208,-0.838,129.08,24.89,0.0065,0.007,0.0017,0.0129,487,CC(C(=O)O)C(=O)O
4,2,84.41,3.77,4.218,6.15,6.248,6.504,-7.276,6.174,-0.637,-1.102,94.15,22.92,0.0007,0.0097,0.0265,0.0015,490,O=CCP(=O)(O)O
4,2,66.4,6.51,5.552,5.845,6.216,6.378,-6.887,6.833,-0.322,-0.054,122.41,32.72,0.0021,0.0014,0.0611,0.002,499,OC(=O)[C@@H]1CCC(=N1)O
5,3,101.7,9.14,5.375,5.457,5.594,6.043,-6.267,6.977,0.525,0.71,177.62,37.02,0.0017,0.0035,0.0003,0.0027,500,[NH]C(=[NH2])NCCCC(=O)O
4,3,81.14,3.77,5.47,5.634,5.925,5.958,-6.033,7.592,1.185,1.559,141.5,34.95,0.0016,0.0077,0.0104,0.0033,502,NCCCCNC(=N)O
5,3,98.21,3.18,4.826,5.469,5.694,5.79,-6.539,5.938,-0.068,-0.601,164.22,25.54,0.0612,0.0019,0.0137,0.0785,503,NC[C](/N=C(/O)\[NH])O
3,1,41.46,3.52,4.895,5.53,5.692,5.814,-7.021,6.074,-1.091,-0.947,64.44,28.35,0.0031,0.0991,0.0,0.0009,504,OC1=NC=NC1
9,3,169.02,2.96,6.912,7.014,7.162,7.313,-9.094,8.24,0.351,-0.854,145.61,32.73,0.0149,0.0293,0.0184,0.0036,510,O[P@]1(=O)O[P@@](=O)(O)O[P@@](=O)(O1)O
4,1,71.44,2.58,2.934,3.548,3.926,4.036,-6.876,4.302,1.469,-2.574,143.89,57.36,0.0007,0.0679,0.0882,0.003,512,O=C(c1ccccc1)C/C=C/C(=O)C(=O)O
7,4,132.13,5.32,5.27,5.458,5.685,5.98,-7.048,6.044,-1.002,-1.004,233.89,42.28,0.0019,0.0006,0.0006,0.0001,513,OC(=O)C[C@H]([C@](C(=O)O)(O)C)C(=O)O
7,4,132.13,5.29,5.482,5.586,5.649,5.714,-7.342,6.332,-1.002,-1.01,233.89,42.28,0.002,0.0005,0.0006,0.0002,515,OC(=O)C[C@]([C@H](C(=O)O)C)(C(=O)O)O
4,1,71.44,1.47,3.301,4.134,4.36,5.044,-7.173,4.871,-0.381,-2.302,104.37,28.32,0.0,0.0007,0.0002,0.0,523,O=CCCC(=O)C(=O)O
6,3,111.9,2.08,3.837,4.201,5.257,5.546,-7.698,5.102,-1.914,-2.596,169.09,26.25,0.0016,0.0084,0.0034,0.0032,524,OC(=O)C(=O)[C@@H](C(=O)O)O
5,3,94.83,3.08,5.383,5.518,6.257,6.502,-7.695,6.966,-1.093,-0.729,147.7,26.05,0.0011,0.0007,0.0013,0.0024,525,OC(=O)C[C@@H](C(=O)O)O
1,0,17.07,2.74,4.228,6.646,7.038,7.122,-6.838,6.226,0.595,-0.612,7.15,16.73,0.0001,0.0101,0.0479,0.0168,527,CCC=O
5,2,89.62,5.22,5.389,5.819,6.09,6.191,-6.743,6.585,0.052,-0.158,117.29,36.72,0.0022,0.0013,0.0008,0.0082,528,CC(=O)OCC[C@@H](C(=O)O)N
6,3,113.87,4.59,5.804,6.383,6.943,7.167,-7.676,7.698,-0.82,0.022,132.98,25.57,0.0003,0.0073,0.0232,0.0207,529,OC(=O)COP(=O)(O)O
3,2,63.32,5.68,5.624,5.927,6.874,6.914,-6.77,7.32,0.263,0.55,139.77,23.75,0.0004,0.0138,0.0025,0.0114,535,OC(=O)C1(N)CC1
4,1,63.6,5.6,4.751,4.904,5.597,6.022,-7.431,5.44,-0.057,-1.992,95.41,31.42,0.0002,0.0328,0.0006,0.033,542,OC(=O)C[C@H]1C=CC(=O)O1
5,3,104.64,5.39,5.638,6.35,7.003,7.109,-7.581,7.524,-0.751,-0.057,139.58,24.49,0.0027,0.0121,0.0177,0.0453,546,OC(=O)CP(=O)(O)O
4,3,77.76,4.46,4.751,5.036,5.265,5.327,-6.06,5.578,0.725,-0.482,165.6,42.03,0.0594,0.0015,0.0449,0.0035,547,OC(=O)Cc1ccc(c(c1)O)O
6,3,111.9,2.77,2.955,3.675,4.564,4.856,-6.278,3.812,0.113,-2.465,182.11,44.94,0.0002,0.4597,0.0144,0.0,548,O/C=C(\CC(=O)O)/C=C/C(=O)C(=O)O
7,3,128.97,4.58,2.917,4.108,4.709,4.722,-7.078,4.416,-0.628,-2.661,234.77,45.61,0.0,0.0011,0.1813,0.0669,550,OC(=O)C[C@@H](C(=O)O)/C=C/C(=O)C(=O)O
5,3,94.83,9.48,3.835,4.416,4.896,5.13,-6.509,4.381,0.544,-2.128,161.38,39.93,0.1633,0.0088,0.0916,0.016,551,OC(=O)C/C=C/C=C(\C(=O)O)/O
2,0,40.13,10.37,4.505,4.628,4.937,5.124,-5.265,6.093,-1.066,0.827,102.14,41.35,0.0033,0.0079,0.0008,0.0052,554,[O]C(=O)[C@@H]1CCC[N]1(C)C
7,3,120.77,8.23,4.197,5.254,5.295,5.379,-6.836,5.704,-0.209,-1.132,206.06,52.12,0.0003,0.0183,0.0004,0.0002,556,O=CCC[C@@H](C(=O)O)/N=C(\CCC(=O)O)/O
3,1,40.54,4.42,5.448,5.586,5.941,6.255,-6.645,6.841,0.103,0.196,75.81,37.42,0.0078,0.0001,0.0084,0.0045,557,CN1CCC[C@H]1C(=O)O
6,3,118.77,3.34,3.266,3.548,4.353,4.707,-6.046,4.15,0.094,-1.897,198.35,42.03,0.0001,0.0015,0.0021,0.0026,558,[NH]C(=[NH2])NCCCC(=O)C(=O)O
4,2,81.47,0.68,4.382,5.141,5.42,5.799,-6.212,6.027,0.639,-0.185,132.19,35.45,0.0001,0.0489,0.0015,0.0093,559,O=CCCCNC(=[NH2])[NH]
4,2,82.83,1.51,3.632,4.187,4.292,4.915,-5.916,4.463,1.266,-1.453,39.59,41.42,0.0037,0.0003,0.211,0.0007,562,CSCCC(=O)/C(=C\O)/O
3,1,62.6,2.57,4.991,5.359,5.37,5.675,-6.161,6.302,0.824,0.142,60.89,30.7,0.0014,0.0088,0.0029,0.0047,563,CSCCC(=O)O
3,2,63.32,4.51,5.642,5.744,5.913,6.232,-6.392,6.811,1.29,0.419,104.84,35.44,0.0089,0.0003,0.001,0.0008,564,NCCCCCC(=O)O
1,0,13.14,0.71,4.45,4.581,5.239,5.429,-6.008,5.089,3.586,-0.92,92.22,53.72,0.0289,0.2991,0.0324,0.0781,568,c1ccc2c(c1)oc1c2cccc1
4,2,74.6,3.43,2.878,3.364,4.087,4.31,-5.91,3.562,1.795,-2.348,136.32,58.83,0.0006,0.5897,0.0033,0.0658,570,O/C(=C/C=C/C(=O)C(=O)O)/c1ccccc1
5,3,105.2,4.33,5.324,5.672,5.707,5.833,-6.806,6.547,-0.104,-0.259,120.09,38.85,0.0284,0.0019,0.0059,0.0107,581,SC[C@@H](C(=O)O)/N=C(/O)\C
5,3,90.41,7.81,5.105,5.405,5.817,5.984,-6.223,6.882,-0.304,0.659,140.11,32.31,0.0083,0.0031,0.0051,0.0011,586,OC(=O)CN(C(=[NH2])[NH])C
8,4,146.26,7.73,5.088,5.353,5.751,5.848,-6.397,6.637,-0.889,0.239,213.0,43.39,0.008,0.0007,0.0359,0.0062,587,OC(=O)CN(C(=N)NP(=O)(O)O)C
4,1,58.69,5.39,4.727,4.738,5.463,5.506,-5.932,5.48,-1.153,-0.452,93.48,35.96,0.0741,0.0121,0.0214,0.0043,588,CN1CC(=[N]=C1[NH])O
2,0,40.13,14.69,3.644,3.858,4.003,4.169,-4.754,4.46,-1.001,-0.294,89.35,37.49,0.0066,0.0022,0.0017,0.0032,589,[O]C(=O)[CH][CH]C[N](C)(C)C
4,3,102.12,3.48,5.277,5.62,5.888,6.086,-6.776,6.792,0.028,0.016,127.1,28.94,0.01,0.0004,0.0052,0.0412,594,N[C@H](C(=O)O)CS
3,2,71.77,1.75,4.374,5.129,5.331,5.647,-5.804,5.042,-0.067,-0.762,150.69,29.26,0.0857,0.0,0.0025,0.0004,597,Oc1nccc(=N)[nH]1
6,3,111.9,3.79,3.313,4.192,5.033,5.529,-7.393,4.814,-1.524,-2.58,168.43,31.05,0.0001,0.0105,0.0,0.0004,599,O[C@H](C(=O)O)CC(=O)C(=O)O
5,3,92.42,7.24,5.45,5.569,5.587,5.767,-6.683,6.547,0.014,-0.136,153.41,38.44,0.0109,0.0097,0.0055,0.0038,601,C[C@@H](C(=O)O)/N=C(\[C@@H](N)C)/O
3,2,63.32,3.04,5.543,5.892,6.046,6.503,-6.833,6.977,0.118,0.144,106.84,21.01,0.0028,0.0014,0.001,0.025,602,C[C@@H](C(=O)O)N
7,6,138.45,4.31,5.942,6.462,6.589,6.679,-7.41,7.404,-3.493,-0.005,143.69,38.54,0.0019,0.0035,0.0131,0.0093,604,OC[C@@H]([C@@H]([C@@H]([C@@H](C(=O)O)O)O)O)O
7,5,145.71,2.98,5.028,5.563,5.803,5.903,-6.076,6.531,-1.087,0.454,185.57,47.56,0.0006,0.0004,0.0203,0.0111,606,O[C@@H]([C@H](c1[nH]cnc1)O)COP(=O)(O)O
8,6,155.52,3.02,5.658,5.8,6.259,6.364,-7.783,7.067,-3.401,-0.716,202.23,39.15,0.0005,0.001,0.0036,0.0107,607,O[C@H]([C@@H](C(=O)O)O)[C@@H]([C@@H](C(=O)O)O)O
7,5,127.45,3.62,5.666,6.167,6.458,6.616,-7.347,7.159,-3.129,-0.188,138.7,36.35,0.0005,0.0101,0.001,0.0016,610,O[C@@H]1O[C@H](C(=O)O)[C@@H]([C@H]([C@H]1O)O)O
5,3,100.62,2.41,5.455,5.687,6.137,6.185,-7.075,6.648,-0.037,-0.427,182.67,32.4,0.0021,0.0012,0.0005,0.0038,611,OC(=O)CC[C@@H](C(=O)O)N
3,2,57.53,3.44,5.89,6.272,6.784,7.011,-7.581,7.383,-0.548,-0.199,71.21,19.47,0.0009,0.0211,0.0123,0.0143,612,OC(=O)[C@@H](O)C
3,2,49.33,4.68,5.222,5.611,5.749,5.867,-6.294,6.604,0.152,0.31,101.02,32.52,0.0126,0.0059,0.0011,0.006,614,OC(=O)[C@@H]1CCCN1
4,3,83.55,4.58,5.5,6.251,6.544,6.724,-6.985,7.323,-0.909,0.337,125.45,22.18,0.001,0.0042,0.0051,0.018,617,OC[C@@H](C(=O)O)N
5,4,97.99,2.65,4.856,5.193,5.579,5.753,-7.271,6.087,-2.738,-1.184,69.96,31.0,0.0016,0.0257,0.01,0.0299,619,OC[C@@H]([C@@H](C(=O)CO)O)O
5,2,86.96,3.58,3.935,4.607,4.883,5.658,-7.32,5.187,-0.415,-2.133,167.53,44.2,0.0009,0.086,0.0248,0.0032,632,OC(=O)[C@@H]1CCCC(=N1)C(=O)O
7,4,126.26,5.33,6.314,6.476,6.621,6.773,-7.301,8.068,-1.436,0.767,104.69,39.52,0.0031,0.0082,0.0148,0.0006,634,OC[C@H]1O[C@@H](C[C@H]1O)OP(=O)(O)O
7,4,126.26,4.05,6.612,6.789,6.957,6.982,-7.508,8.417,-1.436,0.909,104.69,39.52,0.005,0.0074,0.0086,0.0172,635,O[C@@H]1C[C@H]([C@H](O1)COP(=O)(O)O)O
7,4,134.1,3.25,4.05,5.563,5.946,6.088,-6.988,5.638,-1.593,-1.35,112.46,40.74,0.0017,0.0091,0.0007,0.0044,641,O[C@@H]([C@H](C(=O)C)O)COP(=O)(O)O
5,3,78.43,3.22,5.198,5.396,5.616,5.659,-5.921,6.231,1.749,0.31,156.6,63.86,0.0001,0.0011,0.0008,0.0099,643,OC(=O)CCCCC[C@H]1NC(=N[C@@H]1C)O
6,3,95.5,3.67,4.667,4.877,5.4,5.884,-6.89,5.478,-0.673,-1.412,181.31,40.03,0.0078,0.0553,0.0056,0.0015,648,OC(=O)[C@@H]1CC(=[N]=[C](=N1)O)O
4,2,58.2,4.48,4.608,5.06,5.507,5.746,-6.493,5.747,-0.127,-0.746,104.82,33.45,0.0023,0.0479,0.0047,0.0311,649,OC1=[N]=[C](=NCC1)O
2,0,34.14,0.0,2.676,4.451,6.098,6.171,-6.629,4.286,0.164,-2.343,17.55,21.74,0.0001,0.0,0.0,0.0,650,CC(=O)C(=O)C
4,1,65.57,3.93,6.874,7.075,7.565,7.641,-7.709,8.89,1.16,1.181,10.09,33.34,0.0073,0.0137,0.0237,0.0054,654,CCOP(=O)(OCC)O
4,1,80.59,4.43,5.486,5.639,6.181,6.36,-6.463,7.336,1.927,0.873,8.73,40.24,0.0193,0.0283,0.0231,0.0175,655,CCOP(OCC)([S])O
2,0,26.3,3.99,5.066,5.3,5.476,5.848,-6.506,6.003,1.538,-0.503,56.56,40.79,0.0136,0.0627,0.0328,0.0042,660,O=C1CCc2c(O1)cccc2
4,3,120.69,4.05,5.195,5.49,5.769,5.809,-6.536,6.716,2.351,0.18,88.27,59.34,0.0025,0.0091,0.032,0.0281,663,SCC[C@H](CCCCC(=N)O)S
6,3,113.87,4.94,4.586,5.356,5.566,5.8,-7.913,5.948,-1.343,-1.965,95.17,29.97,0.0019,0.0272,0.0004,0.0018,668,OCC(=O)COP(=O)(O)O
3,2,57.53,1.49,4.909,5.378,5.696,6.833,-7.559,6.291,-1.46,-1.268,34.06,19.06,0.0003,0.024,0.0208,0.0,670,OCC(=O)CO
4,3,77.76,5.56,3.682,4.062,4.542,4.765,-5.837,4.196,1.949,-1.641,221.93,54.95,0.0889,0.0416,0.0001,0.0055,671,OC(=O)c1cc(O)c2c(c1O)cccc2
3,1,40.54,5.25,5.54,5.931,6.324,6.677,-6.724,7.178,-0.367,0.454,54.56,26.01,0.0006,0.0152,0.0107,0.0419,673,CN(CC(=O)O)C
1,1,12.03,1.03,5.299,6.043,6.193,6.509,-5.853,8.215,0.227,2.362,3.27,14.53,0.0017,0.0324,0.0053,0.0783,674,CNC
1,1,28.68,3.34,4.834,5.129,5.167,5.26,-5.802,5.625,2.18,-0.177,120.11,46.03,0.082,0.0907,0.0013,0.0001,675,Cc1cc2[nH]cnc2cc1C
4,3,77.76,4.54,5.884,6.582,6.763,6.956,-7.48,7.606,-0.797,0.125,99.52,30.28,0.0008,0.0145,0.0028,0.0254,677,OC(=O)[C@H](C(O)(C)C)O
1,0,36.28,3.93,5.568,5.668,5.805,6.162,-6.052,7.214,0.86,1.162,-4.6,20.01,0.0575,0.0071,0.0243,0.063,679,CS(=O)C
3,3,66.48,2.13,4.782,4.81,5.018,5.233,-5.44,5.685,1.299,0.245,142.69,42.97,0.0011,0.0607,0.0002,0.004,681,NCCc1ccc(c(c1)O)O
5,2,97.46,5.18,1.815,2.866,3.058,3.088,-6.77,3.181,0.123,-3.589,191.21,47.19,0.0,0.0083,0.0184,0.0182,682,OC(=O)[C@H](CC1=CC(=O)C(=O)C=C1)N
4,2,61.69,3.99,4.847,5.25,5.302,5.673,-6.172,6.101,-0.384,-0.071,118.22,44.34,0.0006,0.0004,0.0082,0.0005,690,OC(=O)[C@@H]1CCN=C(N1)C
3,2,57.53,4.74,4.109,4.337,4.513,4.897,-6.06,4.338,1.67,-1.722,118.04,44.68,0.4835,0.0276,0.0,0.0002,691,O/C(=C/c1ccccc1)/C(=O)O
8,5,154.33,3.8,5.905,6.702,6.77,6.875,-7.739,7.674,-2.098,-0.065,168.89,37.51,0.0007,0.0069,0.0117,0.0214,696,O[C@H]([C@@H](C(=O)O)O)COP(=O)(O)O
7,4,134.1,2.45,3.936,5.454,6.059,6.151,-7.176,5.668,-1.984,-1.508,123.45,35.94,0.0019,0.0035,0.0195,0.0013,697,O=C[C@@H]([C@@H](COP(=O)(O)O)O)O
2,2,46.25,2.83,5.67,6.138,6.58,6.692,-6.436,8.425,-0.362,1.989,48.96,15.6,0.0088,0.034,0.0106,0.0164,700,NCCO
3,0,43.37,3.76,4.403,5.648,5.756,6.212,-6.795,6.289,0.775,-0.506,6.61,37.25,0.0002,0.002,0.0114,0.0057,701,CCOC(=O)[C@H](C(=O)C)C
1,1,20.23,1.67,6.565,7.466,7.63,7.94,-7.157,9.219,-0.001,2.063,-5.29,12.89,0.0108,0.0254,0.0323,0.0435,702,CCO
4,2,66.76,6.11,4.028,4.312,4.386,5.04,-6.046,4.31,1.499,-1.736,150.42,51.63,0.4963,0.0026,0.1548,0.0563,709,COc1cc(/C=C/C(=O)O)ccc1O
7,5,127.45,4.67,5.417,6.055,6.13,6.395,-7.227,6.827,-3.127,-0.4,149.72,36.38,0.001,0.0022,0.001,0.0131,722,OC[C@H]1O[C@@]([C@@H]([C@@H]1O)O)(O)C(=O)O
4,2,74.6,0.03,3.905,4.087,5.336,5.718,-7.943,5.181,-0.288,-2.762,138.87,24.41,0.0001,0.0,0.1976,0.0,723,OC(=O)/C=C/C(=O)O
2,0,40.13,12.18,3.717,3.836,4.27,4.383,-4.435,5.021,-0.777,0.585,79.56,37.97,0.0008,0.0013,0.0026,0.0015,725,[O]C(=O)CCC[N](C)(C)C
6,3,113.87,0.57,4.03,5.893,6.113,6.53,-7.41,5.91,-1.345,-1.499,105.5,29.97,0.0004,0.0143,0.0097,0.0006,729,O=C[C@@H](COP(=O)(O)O)O
5,3,106.41,2.48,5.573,5.957,5.994,6.111,-7.11,6.996,0.064,-0.114,181.15,33.54,0.0015,0.005,0.0006,0.0041,738,[NH][C](CC[C@@H](C(=O)O)N)O
4,2,80.39,4.18,4.239,5.018,5.584,5.703,-6.931,5.584,0.078,-1.347,137.23,30.83,0.0003,0.0034,0.0006,0.0001,742,O=C[C@H](CCC(=O)O)N
4,2,74.6,6.5,5.478,5.563,5.75,6.033,-6.985,6.218,0.326,-0.767,128.42,29.69,0.0007,0.0011,0.0009,0.0014,743,OC(=O)CCCC(=O)O
3,2,63.32,5.58,5.572,5.992,6.812,7.127,-6.89,7.391,-0.27,0.501,107.5,16.21,0.0029,0.0072,0.032,0.0324,750,NCC(=O)O
3,2,57.53,1.41,4.376,5.121,5.807,6.793,-7.244,5.823,-1.462,-1.42,44.39,19.06,0.003,0.0282,0.005,0.0014,751,O[C@@H](C=O)CO
4,3,77.76,2.24,5.461,6.435,6.936,7.166,-7.285,7.236,-1.576,-0.049,89.82,20.63,0.0011,0.0042,0.0043,0.0023,752,OC[C@@H](C(=O)O)O
3,3,60.69,3.54,6.453,6.68,6.7,6.95,-7.012,8.433,-1.668,1.42,31.28,20.02,0.0134,0.0057,0.0061,0.0122,753,OCC(CO)O
6,4,117.03,2.11,6.557,6.975,7.108,7.146,-7.486,8.245,-1.551,0.759,92.39,30.93,0.002,0.0089,0.0112,0.0082,754,OC[C@@H](COP(=O)(O)O)O
2,1,37.3,1.75,4.065,6.12,6.338,7.039,-6.95,5.951,-0.822,-0.999,26.44,13.09,0.0001,0.008,0.004,0.0056,756,OCC=O
3,2,57.53,4.03,5.615,6.102,7.349,7.392,-7.23,7.442,-0.937,0.212,71.87,14.66,0.0012,0.0068,0.0483,0.0082,757,OCC(=O)O
3,1,54.37,1.29,3.212,4.773,6.191,6.781,-7.543,4.917,-0.73,-2.626,84.98,13.7,0.0,0.0001,0.0487,0.0573,760,O=CC(=O)O
5,3,101.7,7.48,5.255,5.585,5.846,6.179,-6.476,7.026,-0.255,0.55,178.95,27.41,0.0044,0.0018,0.0033,0.0107,763,[NH]C(=[NH2])NCC(=O)O
4,3,100.45,9.08,4.092,4.209,4.862,5.031,-5.502,4.879,-0.19,-0.623,258.81,38.91,0.0001,0.116,0.0041,0.1676,764,[NH]C1=[N]=C(c2c(N1)[nH]cn2)O
4,3,92.0,3.38,4.818,5.105,5.178,5.628,-6.071,5.916,0.064,-0.155,200.01,37.65,0.0027,0.0238,0.0021,0.0101,773,N[C@H](C(=O)O)Cc1cnc[nH]1
2,2,54.7,5.77,4.87,5.522,5.701,5.724,-5.521,6.759,0.611,1.238,123.52,31.07,0.0194,0.0146,0.0096,0.0163,774,NCCc1cnc[nH]1
3,2,71.77,3.17,3.846,4.274,5.152,5.173,-5.812,4.629,0.179,-1.184,154.58,36.08,0.01,0.0004,0.0014,0.0195,775,N[C@H](C=O)Cc1cnc[nH]1
3,3,74.93,3.26,5.17,5.627,5.688,5.969,-6.074,6.746,-0.028,0.672,141.47,37.04,0.0062,0.0096,0.018,0.0139,776,N[C@H](CO)Cc1cnc[nH]1
4,2,72.03,2.38,4.011,4.902,4.917,5.211,-5.788,4.702,0.441,-1.086,111.78,37.53,0.0872,0.0031,0.0008,0.0084,777,Cc1ncc(c(=N)[nH]1)CO
4,3,102.12,3.61,5.206,5.405,5.579,5.935,-6.539,6.713,0.418,0.174,126.43,33.75,0.001,0.0127,0.0131,0.0458,778,N[C@H](C(=O)O)CCS
4,3,83.55,4.43,5.613,5.922,6.076,6.343,-6.7,7.219,-0.519,0.52,124.79,26.98,0.0011,0.0006,0.003,0.0089,779,OCC[C@@H](C(=O)O)N
4,3,77.76,7.18,4.643,4.853,5.108,5.348,-6.006,5.407,0.725,-0.599,165.6,42.03,0.069,0.0011,0.0003,0.0218,780,OC(=O)Cc1cc(O)ccc1O
6,3,95.5,4.69,5.367,5.37,5.709,5.869,-6.74,6.085,-0.283,-0.656,180.65,44.84,0.036,0.0149,0.0007,0.0021,782,OC(=O)CC[C@H]1N=[C](=[N]=C1O)O
2,2,40.46,2.68,4.621,4.788,4.847,5.629,-5.418,5.358,1.098,-0.06,84.26,30.49,0.063,0.0,0.0003,0.0,785,Oc1ccc(cc1)O
2,2,46.25,0.58,6.614,6.899,7.338,7.629,-6.925,9.138,0.035,2.212,85.58,5.55,0.023,0.0433,0.0088,0.0113,787,NO
3,2,74.43,4.6,4.878,5.326,5.453,5.575,-6.637,5.725,-0.354,-0.912,208.65,34.51,0.0007,0.1956,0.0005,0.0016,790,Oc1ncnc2c1nc[nH]2
3,2,63.32,4.0,5.272,5.411,6.482,6.645,-6.536,6.879,1.145,0.343,104.84,35.44,0.0046,0.0084,0.0052,0.0019,791,CC[C@H]([C@@H](C(=O)O)N)C
4,3,86.21,1.84,5.044,5.438,5.668,6.094,-6.457,6.142,-0.602,-0.316,164.38,36.1,0.0055,0.0043,0.0513,0.0259,793,O[C@H](C(=O)O)Cc1cnc[nH]1
4,2,83.05,3.99,2.556,3.37,3.882,4.099,-6.022,3.363,-0.394,-2.659,167.15,35.14,0.0107,0.0007,0.0037,0.002,794,OC(=O)C(=O)Cc1cnc[nH]1
1,1,28.68,3.72,5.364,6.244,6.263,6.505,-6.125,7.031,0.41,0.906,65.09,18.59,0.0004,0.0264,0.1493,0.0023,795,c1ncc[nH]1
5,3,98.45,4.34,4.046,4.503,5.144,5.357,-7.377,4.928,-0.335,-2.449,160.38,28.48,0.0077,0.0243,0.002,0.001,796,OC(=O)CC(=N)C(=O)O
1,1,32.86,4.63,3.952,4.445,4.613,4.713,-5.551,4.936,1.909,-0.615,130.82,48.27,0.0205,0.01,0.0299,0.063,800,O=CCc1c[nH]c2c1cccc2
2,2,53.09,6.49,4.69,4.88,4.946,5.251,-5.889,5.284,1.795,-0.604,176.26,49.84,0.0706,0.0432,0.003,0.0033,802,OC(=O)Cc1c[nH]c2c1cccc2
4,2,74.6,6.17,4.332,4.939,5.408,5.647,-7.132,4.98,0.102,-2.152,111.24,29.22,0.0386,0.0172,0.0007,0.0015,811,OC(=O)CC(=C)C(=O)O
8,6,155.52,1.53,3.31,3.829,4.323,4.44,-7.061,4.471,-3.534,-2.591,163.75,48.35,0.0001,0.0001,0.0006,0.0005,817,OC[C@H]([C@H]([C@H]([C@H](CC(=O)C(=O)O)O)O)O)O
3,2,63.32,3.92,5.283,5.45,6.514,6.769,-6.555,6.906,0.899,0.351,105.51,30.63,0.0036,0.0116,0.0032,0.0044,824,CCC[C@@H](C(=O)O)N
4,3,69.56,4.31,5.3,5.758,6.176,6.604,-6.876,7.061,-0.877,0.185,119.64,33.69,0.0029,0.0032,0.0004,0.0174,825,O[C@H]1CN[C@@H](C1)C(=O)O
5,5,101.15,2.08,6.257,6.38,6.607,6.941,-7.072,8.294,-2.946,1.222,67.19,31.96,0.003,0.0066,0.003,0.0107,827,OC[C@H]([C@H]([C@H](CO)O)O)O
4,2,80.39,3.9,4.391,4.651,5.17,5.653,-6.966,5.306,-0.312,-1.66,137.9,26.02,0.0004,0.0031,0.0067,0.0018,829,O=CC[C@@H](C(=O)O)N
8,4,156.96,3.88,4.909,5.525,5.652,5.971,-7.162,5.644,-0.875,-1.518,207.29,38.09,0.0045,0.009,0.003,0.0005,832,O=C(OP(=O)(O)O)C[C@@H](C(=O)O)N
6,4,118.44,5.56,5.075,5.161,5.319,5.55,-5.973,5.872,0.638,-0.101,218.0,41.53,0.0012,0.0066,0.0041,0.0175,833,OC(=N)NCCC[C@@H](C(=O)O)N
6,2,100.9,5.97,1.787,3.62,3.695,4.155,-6.882,3.246,-2.597,-3.635,88.47,32.85,0.0001,0.0001,0.0023,0.0004,835,OC[C@@H]([C@H]1OC(=O)C(=O)C1=O)O
5,4,103.78,3.3,4.77,5.022,5.268,5.402,-6.046,5.589,0.752,-0.457,219.18,49.55,0.079,0.0006,0.0004,0.0263,836,OC(=O)[C@H](Cc1ccc(c(c1)O)O)N
5,4,90.15,3.4,6.074,6.42,6.574,6.769,-6.955,8.185,-2.194,1.23,61.54,34.57,0.0011,0.0026,0.005,0.0002,840,O[C@@H]1[C@@H](C)O[C@@H]([C@@H]([C@@H]1O)O)O
5,4,97.99,2.95,4.262,5.146,5.266,6.137,-7.14,5.823,-2.35,-1.317,69.3,35.8,0.0018,0.0001,0.0354,0.0126,841,OCC(=O)[C@H]([C@H]([C@@H](O)C)O)O
4,2,80.39,5.43,4.424,4.526,5.226,5.617,-6.708,5.159,0.078,-1.548,137.23,30.83,0.0002,0.0002,0.0002,0.002,844,O=CCC[C@@H](C(=O)O)N
5,3,106.41,5.92,3.524,4.022,4.604,4.865,-5.992,4.15,1.535,-1.842,218.45,55.13,0.0834,0.0017,0.0879,0.0914,846,OC(=O)[C@H](CC(=O)c1ccccc1N)N
4,2,99.6,1.97,5.032,5.445,5.596,5.705,-6.104,6.191,0.733,0.087,124.81,38.91,0.0063,0.0007,0.0417,0.0064,847,C[S@](=O)CC[C@@H](C(=O)O)N
4,3,77.76,3.53,5.394,6.113,6.753,6.783,-6.882,7.17,-0.55,0.288,106.52,34.79,0.0006,0.002,0.0035,0.0176,848,OCC([C@@H](C(=O)O)O)(C)C
3,2,49.33,5.09,5.509,5.923,6.277,6.398,-6.833,7.208,0.542,0.376,100.35,37.33,0.0007,0.0102,0.005,0.007,849,OC(=O)[C@H]1CCCCN1
5,3,100.62,4.31,5.374,5.654,5.727,5.981,-6.988,6.299,-0.181,-0.688,182.67,32.4,0.0002,0.0018,0.0024,0.0075,852,OC(=O)[C@H]([C@@H](C(=O)O)C)N
5,4,97.99,2.48,3.949,5.351,5.483,6.052,-6.89,5.663,-2.74,-1.227,80.3,31.0,0.0016,0.0052,0.0011,0.0112,854,OC[C@H]([C@H]([C@H](C=O)O)O)O
2,1,37.3,2.35,4.468,5.358,7.053,7.175,-7.429,6.297,-0.434,-1.132,25.77,17.9,0.0,0.0249,0.0219,0.0056,855,C[C@@H](C=O)O
3,2,63.32,3.1,5.565,5.87,6.052,6.378,-6.789,6.993,1.145,0.204,104.84,35.44,0.0029,0.0008,0.0018,0.019,857,N[C@H](C(=O)O)CC(C)C
4,3,89.34,6.25,5.563,5.602,6.032,6.112,-6.28,7.151,0.928,0.871,159.09,38.14,0.0015,0.0003,0.0088,0.007,866,NCCCC[C@@H](C(=O)O)N
4,2,74.6,4.25,5.503,5.762,6.295,6.625,-7.592,6.789,-0.454,-0.803,129.75,20.08,0.0117,0.0019,0.0345,0.0152,867,OC(=O)CC(=O)O
3,1,54.37,4.52,4.382,4.998,5.733,5.865,-7.442,5.597,-0.34,-1.845,84.31,18.51,0.0002,0.0,0.0002,0.0044,868,O=CCC(=O)O
3,2,57.53,6.35,5.015,5.335,5.574,5.728,-6.493,5.902,1.409,-0.59,123.96,44.82,0.0479,0.0003,0.0052,0.021,873,OC(=O)CCc1ccccc1O
4,2,74.6,1.35,3.975,4.125,5.26,5.838,-7.793,5.241,0.102,-2.552,141.63,29.22,0.0,0.0,0.2575,0.0043,874,OC(=O)/C=C(/C(=O)O)\C
6,4,115.06,2.44,5.481,5.511,6.234,6.271,-7.823,7.026,-2.123,-0.797,166.32,27.21,0.0011,0.0,0.0009,0.0059,875,O[C@@H]([C@@H](C(=O)O)O)C(=O)O
4,2,88.62,4.48,5.059,5.2,5.313,5.528,-6.027,6.359,0.852,0.332,114.48,38.22,0.0104,0.0,0.0028,0.0026,876,CSCC[C@@H](C(=O)O)N
1,1,38.8,1.74,5.164,5.776,6.731,7.053,-6.433,7.189,0.546,0.756,-2.98,14.85,0.0076,0.0366,0.0122,0.0087,878,CS
2,0,34.14,0.95,2.64,4.259,6.076,6.559,-6.98,4.27,-0.226,-2.71,28.54,16.93,0.0001,0.0,0.0,0.0251,880,O=CC(=O)C
1,1,20.23,1.69,6.432,7.341,8.093,8.182,-7.197,9.247,-0.392,2.049,-4.62,8.08,0.0006,0.0295,0.0062,0.0247,887,CO
5,3,92.42,7.13,5.354,5.626,5.719,6.007,-6.376,6.593,0.016,0.218,153.41,38.44,0.0041,0.0009,0.0009,0.0053,902,C/C(=N\CC[C@@H](C(=O)O)N)/O
3,3,65.12,3.09,4.294,4.617,4.646,4.683,-5.121,4.982,1.943,-0.139,187.32,62.71,0.0625,0.0003,0.0861,0.0016,903,Oc1ccc2c(c1)c(CC/N=C(/O)\C)c[nH]2
2,1,29.1,3.79,4.751,4.986,5.008,5.559,-5.75,5.69,1.718,-0.06,58.6,40.75,0.0812,0.0462,0.0083,0.0184,904,C/C(=N\c1ccccc1)/O
5,2,83.47,5.48,4.387,5.263,5.505,5.682,-6.792,5.905,-0.054,-0.887,130.23,40.74,0.0001,0.0024,0.0018,0.012,905,C/C(=N\[C@H](C(=O)O)CCC=O)/O
5,3,92.42,6.93,5.403,5.519,5.57,5.698,-6.264,6.117,0.406,-0.147,152.75,43.24,0.0083,0.0054,0.0007,0.0034,907,C/C(=N\[C@H](C(=O)O)CCCN)/O
4,2,75.68,5.25,5.513,5.907,6.172,6.421,-7.121,7.091,-0.242,-0.03,124.7,24.7,0.0014,0.0052,0.0164,0.0035,908,OC(=O)CNC=N
6,3,112.98,8.2,4.278,4.926,5.093,5.217,-6.272,5.012,-0.008,-1.26,199.87,40.89,0.0058,0.001,0.0057,0.0011,909,OC(=O)[C@@H](NC=N)CCC(=O)O
6,3,109.49,5.48,3.772,4.032,4.44,4.608,-6.444,4.444,1.649,-2.0,225.24,60.62,0.0738,0.0031,0.0031,0.0542,910,O/C=N/c1ccccc1C(=O)C[C@@H](C(=O)O)N
2,2,40.71,5.44,5.016,5.5,5.604,5.696,-5.559,6.757,0.563,1.197,95.78,35.97,0.0293,0.0096,0.0112,0.0196,912,CNCCc1cnc[nH]1
2,2,32.26,2.95,5.283,5.628,5.753,5.912,-6.264,6.414,1.33,0.15,51.62,44.99,0.0011,0.0112,0.0559,0.0014,913,CNC[C@@H](c1ccccc1)O
3,3,65.12,2.2,4.59,4.655,4.761,4.835,-5.393,5.241,1.774,-0.152,202.11,62.26,0.062,0.0027,0.0019,0.0287,914,CN[C@H](C(=O)O)Cc1c[nH]c2c1cccc2
4,3,69.97,3.79,4.764,5.091,5.153,5.283,-5.412,6.452,0.458,1.039,184.29,48.01,0.0114,0.0198,0.0206,0.022,917,CN1CNc2c([C@@H]1N)nc[nH]2
7,4,123.93,7.27,5.495,5.612,5.729,5.818,-6.817,6.305,-0.416,-0.512,192.95,53.08,0.028,0.0021,0.0087,0.0015,919,OCCC[C@@H](C(=O)O)/N=C(\CCC(=O)O)/O
4,2,58.36,1.96,5.126,5.592,5.646,5.9,-5.665,7.336,0.283,1.671,112.47,40.86,0.0141,0.0152,0.0199,0.0088,921,N[C@@H]1CCN=C(N1C)O
5,3,92.42,2.23,5.247,5.474,5.527,5.571,-6.414,6.139,0.016,-0.275,153.41,38.44,0.0002,0.0122,0.0004,0.0015,922,C/N=C(\CC[C@@H](C(=O)O)N)/O
0,0,0.0,0.0,4.374,4.453,5.474,5.52,-5.788,4.83,2.84,-0.958,47.65,43.95,0.0606,0.0,0.0,0.0,931,c1ccc2c(c1)cccc2
3,1,55.98,4.16,4.595,4.826,4.978,5.107,-7.14,5.663,0.881,-1.478,108.63,32.33,0.0068,0.0017,0.028,0.0372,936,OC(=N)c1cccnc1
3,1,50.19,5.1,4.285,4.746,4.801,5.212,-7.325,5.54,0.78,-1.785,110.15,31.2,0.0025,0.0116,0.0024,0.0637,938,OC(=O)c1cccnc1
2,0,16.13,3.13,4.471,4.622,4.863,5.048,-5.867,5.366,1.786,-0.501,45.21,53.13,0.0019,0.0016,0.0035,0.0004,942,CN1CCC[C@H]1c1cccnc1
2,1,40.92,1.65,1.588,6.279,7.224,7.681,-6.629,3.752,0.431,-2.876,9.91,6.76,0.0004,0.0445,0.0031,0.0271,945,N=O
2,0,47.58,0.0,9.149,9.149,9.184,9.599,-11.617,10.961,0.03,-0.656,27.88,3.45,0.0,0.0,0.0,0.0,947,N#N
1,0,3.24,1.86,4.5,4.537,5.068,5.069,-5.015,5.38,1.753,0.365,12.66,40.65,0.0464,0.0242,0.0007,0.029,949,CN(c1ccccc1)C
1,0,29.43,4.03,4.194,4.228,4.409,4.412,-5.138,4.814,1.786,-0.324,6.5,44.02,0.0009,0.0001,0.0006,0.0145,950,C[N](c1ccccc1)([O])C
4,4,86.71,3.5,4.748,4.838,5.056,5.17,-5.434,5.72,0.79,0.286,161.3,44.13,0.002,0.0516,0.0021,0.0124,951,NC[C@H](c1ccc(c(c1)O)O)O
4,3,69.92,4.82,5.775,6.168,6.401,6.539,-6.623,7.728,-1.901,1.105,43.58,28.61,0.0035,0.0104,0.012,0.0028,952,OC[C@H]1OC[C@H]([C@H]1O)O
7,4,139.89,3.58,5.451,6.23,6.349,6.702,-7.059,7.279,-0.402,0.22,185.9,37.89,0.0019,0.0088,0.0132,0.0266,953,OC(=O)[C@H](CCOP(=O)(O)O)N
1,1,20.23,1.71,6.394,7.099,7.212,7.299,-7.064,9.189,2.339,2.125,-9.27,41.73,0.0062,0.0065,0.0013,0.0232,957,CCCCCCCCO
1,1,9.23,2.1,7.824,10.014,10.117,11.458,-7.924,9.627,-0.064,1.703,0.0,3.05,0.0706,0.0,0.1224,0.0185,962,O
4,2,74.6,2.35,3.445,4.213,5.023,6.12,-7.63,4.991,-1.368,-2.64,92.6,19.67,0.0,0.0241,0.0,0.0003,964,OCC(=O)C(=O)O
5,2,91.67,4.99,3.321,3.822,4.723,4.945,-7.551,4.408,-0.885,-3.143,150.47,25.09,0.0017,0.0168,0.001,0.0,970,OC(=O)CC(=O)C(=O)O
4,2,74.6,2.0,5.563,5.632,6.893,7.049,-7.807,7.268,-0.844,-0.539,130.41,15.27,0.0006,0.0027,0.0,0.0009,971,OC(=O)C(=O)O
4,2,80.39,2.28,4.009,5.611,5.705,6.467,-7.051,5.562,-0.743,-1.488,128.89,16.41,0.0001,0.0497,0.0,0.0156,974,OC(=O)C(=O)N
3,1,54.37,1.18,3.249,4.142,5.071,6.235,-6.988,4.781,0.216,-2.207,52.05,27.65,0.0004,0.0091,0.0,0.0659,976,OC(=O)C(=O)CC=C
2,0,34.14,0.0,6.361,7.418,8.037,8.212,-6.808,1.929,0.067,-4.879,0.0,6.73,0.0,0.0,0.0,0.0146,977,O=O
3,2,63.32,3.92,4.669,4.721,5.004,5.028,-5.815,5.01,1.548,-0.805,144.8,37.81,0.4078,0.0087,0.008,0.0001,978,OC(=O)c1ccc(cc1)N
3,1,46.53,3.4,5.7,6.48,7.039,7.305,-7.491,7.461,-0.07,-0.03,45.76,31.03,0.0005,0.0066,0.0069,0.0098,989,O[C@H]1C(=O)OCC1(C)C
5,4,90.15,1.91,6.701,6.72,6.822,7.133,-7.271,8.683,-2.582,1.412,62.2,29.77,0.0016,0.0032,0.0041,0.0201,993,OC[C@H]1O[C@@H]([C@@H]([C@@H]1O)O)O
3,2,63.32,3.75,5.276,5.419,5.643,5.746,-6.743,6.128,1.341,-0.615,137.23,45.5,0.0009,0.013,0.0017,0.0145,994,N[C@H](C(=O)O)Cc1ccccc1
3,1,54.37,3.78,3.311,4.038,4.101,4.631,-6.727,4.623,0.883,-2.103,104.37,42.99,0.0105,0.0045,0.0268,0.0002,997,O=C(C(=O)O)Cc1ccccc1
1,0,17.07,2.71,4.165,5.1,5.298,5.58,-6.588,5.747,1.428,-0.841,38.21,36.41,0.0085,0.0085,0.0361,0.042,998,O=CCc1ccccc1
2,1,37.3,4.96,5.217,5.612,5.646,6.142,-6.874,6.191,1.314,-0.683,83.64,37.99,0.0003,0.0021,0.1071,0.0353,999,OC(=O)Cc1ccccc1
2,2,46.25,3.11,5.305,5.829,5.918,5.929,-6.455,6.49,1.379,0.035,79.35,40.08,0.0019,0.0427,0.0003,0.007,1000,NC[C@H](c1ccccc1)O
1,1,26.02,1.36,5.301,5.618,5.731,5.816,-6.291,6.422,1.888,0.131,60.74,38.92,0.0009,0.0104,0.0137,0.0086,1001,NCCc1ccccc1
4,2,58.2,4.02,4.961,5.213,5.224,5.432,-6.64,5.804,1.225,-0.835,135.87,53.13,0.0131,0.005,0.0033,0.0041,1002,OC1=[N]=[C](=N[C@@H]1c1ccccc1)O
4,3,87.57,3.39,6.695,6.859,7.783,7.968,-8.147,8.651,-0.929,0.503,101.55,14.26,0.0181,0.0145,0.0229,0.0023,1004,OP(=O)(O)O
6,3,113.87,6.46,4.88,5.28,5.433,5.694,-8.15,5.908,-0.306,-2.242,115.14,29.9,0.002,0.0017,0.0862,0.0703,1005,OC(=O)C(=C)OP(=O)(O)O
8,5,160.12,6.78,5.572,6.14,6.44,6.562,-7.774,7.056,-1.431,-0.718,204.52,39.06,0.0024,0.004,0.0146,0.0019,1007,O[C@H]([C@@H](C(=O)O)N)COP(=O)(O)O
5,3,102.59,3.06,5.517,6.011,6.375,6.535,-6.373,7.23,-0.245,0.857,110.07,26.51,0.0094,0.0032,0.0275,0.002,1015,NCCOP(=O)(O)O
7,4,139.89,5.39,5.462,6.175,6.57,6.677,-7.26,7.268,-0.404,0.008,185.9,37.89,0.0012,0.0006,0.0236,0.0043,1016,OC(=O)[C@H]([C@@H](OP(=O)(O)O)C)N
4,2,74.6,4.23,4.325,4.721,4.968,5.3,-7.227,5.238,1.083,-1.989,186.97,40.36,0.0212,0.0372,0.0633,0.0088,1017,OC(=O)c1ccccc1C(=O)O
5,4,109.57,3.63,5.398,5.934,6.117,6.179,-6.702,7.176,-0.101,0.473,177.71,39.3,0.0017,0.0059,0.0065,0.0113,1029,NC[C@H](CC[C@@H](C(=O)O)N)O
2,2,40.46,2.57,6.434,7.013,7.132,7.234,-6.974,8.626,-0.64,1.652,12.67,18.86,0.0011,0.0111,0.0239,0.0355,1030,OC[C@@H](O)C
1,1,20.23,1.71,6.472,7.169,7.491,7.719,-7.102,9.198,0.389,2.095,-5.95,17.7,0.0086,0.005,0.0226,0.0245,1031,CCCO
2,1,37.3,4.41,5.6,6.534,7.495,7.55,-7.276,7.532,0.481,0.256,52.59,18.31,0.0017,0.0133,0.0086,0.0143,1032,CCC(=O)O
5,2,93.64,3.56,5.901,6.688,6.791,7.167,-8.283,7.472,0.032,-0.811,76.55,28.81,0.0006,0.0182,0.0308,0.0102,1034,CCC(=O)OP(=O)(O)O
4,0,51.56,2.54,2.978,3.893,4.207,4.565,-6.89,4.144,0.42,-2.746,109.67,35.13,0.0,0.005,0.0004,0.1267,1043,C1=Nc2c(=N[CH]1)[n]cnc2
3,1,54.46,3.68,4.283,5.201,5.278,5.374,-6.874,5.587,0.353,-1.287,141.44,31.68,0.0019,0.1397,0.0019,0.0001,1044,C1=N[CH]c2c([N]1)[nH]cn2
2,2,52.04,0.01,5.506,5.566,6.151,6.199,-6.079,8.161,1.085,2.082,83.26,26.76,0.0,0.0179,0.0037,0.0,1045,NCCCCN
4,1,68.87,4.21,3.834,4.376,4.454,4.53,-7.276,5.086,0.276,-2.191,124.13,30.13,0.0025,0.0049,0.0159,0.0391,1046,[NH][C](c1cnccn1)O
1,1,28.68,2.29,6.031,6.311,6.572,6.799,-6.621,7.276,0.41,0.656,65.09,18.59,0.0072,0.0,0.0672,0.0125,1048,c1ccn[nH]1
1,0,12.89,2.19,4.849,5.137,5.518,6.301,-6.874,6.261,1.082,-0.612,17.82,24.24,0.0044,0.0,0.0392,0.0159,1049,c1cccnc1
4,2,70.42,2.05,3.382,3.839,4.052,4.665,-6.457,4.484,0.4,-1.973,121.86,42.74,0.0,0.0935,0.002,0.0359,1050,O=Cc1c(CO)cnc(c1O)C
4,3,79.37,4.79,4.685,4.852,5.294,5.335,-6.199,5.551,0.747,-0.648,146.18,45.03,0.0063,0.0991,0.0043,0.0015,1052,NCc1c(CO)cnc(c1O)C
4,3,73.58,4.45,4.667,4.775,5.369,5.388,-6.259,5.486,0.08,-0.773,110.55,43.48,0.0046,0.1038,0.0035,0.0015,1054,OCc1c(CO)cnc(c1O)C
2,1,24.39,2.91,3.962,4.675,4.95,5.504,-5.391,4.863,-0.104,-0.528,52.18,32.48,0.0395,0.0005,0.0602,0.0176,1056,[CH]1[CH][CH]NC[N]1
3,3,60.69,2.73,4.647,4.993,5.011,5.143,-5.448,5.965,0.803,0.517,125.24,32.51,0.0014,0.0102,0.0009,0.0,1057,Oc1c(O)cccc1O
4,2,69.89,3.75,5.042,5.415,5.654,6.015,-7.336,6.144,-1.289,-1.192,110.32,33.98,0.0035,0.0344,0.009,0.0091,1059,O[C@H]1[CH][N][C@@H](C1)C(=O)O
3,1,54.37,1.26,3.267,5.057,6.322,6.546,-7.108,4.925,-0.34,-2.182,73.98,18.51,0.0,0.0001,0.0342,0.0237,1060,OC(=O)C(=O)C
5,2,87.49,6.57,3.853,4.4,4.581,4.909,-7.529,4.849,0.478,-2.68,202.48,38.16,0.0,0.0007,0.0,0.0346,1066,OC(=O)c1ncccc1C(=O)O
1,0,25.3,1.72,5.099,5.383,5.915,6.465,-5.905,7.097,0.979,1.192,-14.94,19.32,0.0,0.0015,0.0342,0.0339,1068,CSC
5,3,94.83,5.89,5.476,5.629,6.018,6.13,-7.132,6.411,-0.703,-0.721,158.06,30.89,0.0052,0.0021,0.0072,0.0009,1081,OC(=O)C[C@](C(=O)O)(O)C
3,2,49.33,5.4,5.589,5.972,6.532,6.708,-6.879,7.369,-0.319,0.49,79.77,21.11,0.0006,0.002,0.0103,0.0022,1088,CNCC(=O)O
5,4,97.99,4.32,4.68,5.382,5.771,5.893,-7.17,5.984,-1.516,-1.186,141.57,38.43,0.0001,0.0771,0.0034,0.1451,1094,O[C@H]1CC(=C[C@@H]([C@@H]1O)O)C(=O)O
3,2,76.74,5.14,6.077,6.235,6.811,6.856,-7.543,7.489,0.547,-0.054,99.42,13.54,0.0495,0.0379,0.0125,0.0066,1100,OS(=O)O
3,3,64.07,1.76,5.315,5.503,5.562,5.603,-5.796,7.973,1.455,2.177,108.45,43.98,0.0032,0.0185,0.0266,0.007,1102,NCCCNCCCCN
0,0,0.0,0.09,6.682,6.728,6.791,6.819,-7.143,9.304,5.029,2.161,56.44,75.38,0.0004,0.0046,0.0022,0.0011,1108,C1CC[C@H]2[C@H](C1)CC[C@@H]1[C@@H]2CC[C@@H]2[C@H]1CCC2
4,2,74.6,6.15,5.47,5.641,5.858,6.114,-7.124,6.321,-0.064,-0.803,129.08,24.89,0.0019,0.0014,0.0009,0.0031,1110,OC(=O)CCC(=O)O
3,1,54.37,5.51,4.41,4.826,5.554,5.863,-7.102,5.41,0.05,-1.693,83.65,23.31,0.0004,0.0019,0.0012,0.0002,1112,O=CCCC(=O)O
6,3,111.9,3.77,3.981,4.244,4.449,4.549,-6.563,4.558,0.122,-2.005,213.44,56.83,0.0174,0.1872,0.0018,0.0116,1114,OC(=O)CCC(=O)C1=C(C(=O)O)[C@@H](CC=C1)O
3,0,66.23,1.78,3.815,4.157,6.069,7.925,-8.985,5.369,0.411,-3.616,29.64,8.96,0.0045,0.0,0.0665,0.0016,1119,O=S=O
4,2,74.6,2.4,4.508,4.994,5.86,6.249,-7.666,5.821,-1.369,-1.845,102.93,19.67,0.0034,0.0192,0.0031,0.0053,1122,O=C[C@@H](C(=O)O)O
4,2,88.77,3.31,5.843,6.487,6.925,7.122,-6.969,7.799,0.614,0.83,111.33,24.97,0.0223,0.0117,0.0007,0.0156,1123,NCCS([O])(O)[O]
1,0,25.3,2.21,4.952,5.182,5.809,5.894,-5.753,6.784,1.513,1.031,6.31,26.82,0.0,0.0053,0.0125,0.0209,1127,C1CCCS1
1,0,36.28,4.12,5.309,5.519,5.602,6.064,-5.91,6.759,1.395,0.849,16.65,27.51,0.0275,0.0091,0.015,0.0137,1128,O=S1CCCC1
3,2,76.1,3.14,5.455,5.576,6.246,6.565,-7.233,7.037,0.001,-0.196,73.51,21.43,0.0051,0.0015,0.0253,0.0196,1133,OC(=O)CS
2,2,65.72,4.28,4.944,5.168,5.606,5.682,-6.599,5.908,-0.628,-0.691,172.59,32.65,0.0047,0.0772,0.0003,0.0006,1135,CC1=CN=[C](=[N]=C1O)O
3,1,61.36,1.57,5.171,5.284,5.373,5.819,-6.465,5.725,0.986,-0.74,44.68,38.01,0.1148,0.0021,0.0103,0.0052,1136,Cc1ncsc1CCO
0,0,0.0,0.32,5.292,5.909,6.034,6.257,-6.403,6.504,1.995,0.101,7.15,31.41,0.0022,0.0191,0.0021,0.0,1140,Cc1ccccc1
2,2,40.46,2.75,4.417,4.75,5.488,5.834,-6.09,4.98,0.224,-1.11,55.59,35.02,0.1058,0.0492,0.0027,0.0182,1141,O[C@H]1C(=CC=C[C@@H]1O)C
1,0,29.43,4.38,4.701,4.701,5.525,5.526,-4.928,6.653,0.211,1.725,-28.1,22.8,0.0174,0.0174,0.0001,0.0044,1145,C[N]([O])(C)C
1,0,3.24,0.57,5.254,5.948,5.948,6.13,-5.641,7.932,0.178,2.291,-21.93,19.43,0.0253,0.0033,0.0033,0.0881,1146,CN(C)C
3,3,79.11,6.07,4.53,4.75,4.821,4.941,-5.649,5.178,1.823,-0.471,229.84,57.36,0.0662,0.0064,0.0226,0.0015,1148,OC(=O)[C@H](Cc1c[nH]c2c1cccc2)N
1,2,41.81,3.09,4.556,4.697,4.824,5.043,-5.271,5.23,2.369,-0.041,153.35,50.78,0.0692,0.0013,0.026,0.0099,1150,NCCc1c[nH]c2c1cccc2
3,4,114.37,5.41,4.971,4.999,5.352,5.596,-5.951,5.513,-1.767,-0.438,343.08,40.16,0.0,0.1206,0.0024,0.1561,1175,O[C]1=[N]=C(O)c2c(N=1)[nH]c(n2)O
3,2,65.98,2.73,4.167,4.312,4.891,5.361,-6.253,4.367,0.507,-1.886,166.11,35.26,0.5755,0.0,0.0001,0.0023,1178,OC(=O)/C=C/c1cnc[nH]1
3,2,63.32,3.98,5.27,5.426,6.545,6.685,-6.555,6.89,0.755,0.335,105.51,30.63,0.0047,0.0072,0.0098,0.0058,1182,N[C@H](C(=O)O)C(C)C
3,1,46.53,4.08,3.771,4.404,4.77,5.308,-6.299,4.838,1.213,-1.461,84.17,40.34,0.0002,0.0958,0.1235,0.0014,1183,COc1cc(C=O)ccc1O
3,3,94.4,5.56,5.028,5.135,5.473,5.549,-6.267,5.521,-1.06,-0.746,275.87,37.34,0.1607,0.0012,0.0013,0.0561,1188,OC1=[N]=[C](=Nc2c1nc[nH]2)O
3,1,49.66,1.76,3.811,4.931,6.05,6.156,-6.631,5.255,0.132,-1.377,91.04,37.62,0.0011,0.0005,0.0013,0.2411,1194,OC(=O)C1=NCCCC1
3,1,49.66,5.16,5.571,5.621,5.764,6.644,-7.127,6.4,-0.26,-0.727,91.7,32.82,0.0089,0.0006,0.0374,0.0113,1196,OC(=O)[C@@H]1CC[CH][N]1
1,1,12.03,0.91,5.117,5.279,5.35,5.472,-5.91,5.948,2.228,0.038,32.34,48.63,0.002,0.0007,0.0065,0.0033,1206,CN[C@H](Cc1ccccc1)C
6,3,117.78,5.92,4.697,4.821,5.077,5.227,-6.563,5.208,0.825,-1.355,276.24,58.56,0.2856,0.0653,0.0031,0.1625,1212,OC(=O)[C@@](c1ccc(cc1)c1nn[nH]n1)(N)C
5,3,100.62,8.04,5.217,5.552,5.788,5.987,-6.865,6.316,-0.037,-0.55,215.6,35.13,0.0003,0.0012,0.0078,0.0007,1214,OC(=O)[C@@H]1C[C@](C1)(N)C(=O)O
6,4,130.66,6.05,5.406,6.125,6.417,6.661,-6.944,7.246,0.056,0.302,191.84,41.62,0.0029,0.0136,0.0016,0.0273,1216,OC(=O)[C@H](CCCP(=O)(O)O)N
4,3,83.55,4.94,4.953,5.212,5.393,5.426,-6.455,5.804,1.177,-0.65,178.87,42.72,0.0394,0.002,0.0018,0.0009,1217,OC(=O)[C@H](c1cccc(c1)O)N
5,3,100.62,5.41,4.637,4.795,4.818,5.308,-6.874,5.276,1.344,-1.597,236.51,52.34,0.112,0.0015,0.0193,0.2598,1222,OC(=O)c1ccc(cc1)[C@](C(=O)O)(N)C
5,3,86.63,6.79,5.152,5.496,5.769,5.867,-6.822,6.139,-0.147,-0.683,176.85,43.91,0.0051,0.0008,0.0019,0.0048,1226,OC(=O)[C@H]1NCCC[C@H]1C(=O)O
4,2,66.56,4.45,5.24,5.454,5.679,5.933,-6.191,6.354,-0.427,0.163,129.53,29.68,0.0344,0.0184,0.0099,0.004,1232,O=C1[C@H](N)CCN1O
5,3,109.32,4.32,5.41,5.658,5.953,5.962,-7.165,6.327,-0.247,-0.838,219.84,33.58,0.0329,0.0044,0.0205,0.0255,1233,OC(=O)[C@H](c1onc(c1)O)N
5,3,86.99,4.99,4.868,5.232,5.307,5.499,-6.259,5.772,0.519,-0.487,149.35,47.66,0.0458,0.0244,0.0539,0.0087,1245,COc1cc(ccc1O)[C@@H](C(=O)O)O
1,1,20.23,1.6,6.319,6.686,6.981,7.075,-6.925,8.591,2.439,1.665,11.98,49.23,0.0146,0.0025,0.0097,0.009,1254,C[C@@H]1CC[C@H]([C@H](C1)O)C(C)C
2,1,37.3,4.89,4.8,4.953,5.753,5.907,-6.803,5.788,2.374,-1.015,66.55,48.89,0.0039,0.0163,0.1962,0.0109,1256,CC(=C)[C@@H]1CCC(=CC1)C(=O)O
5,3,100.62,6.16,5.262,5.519,5.583,5.866,-6.789,6.049,-0.181,-0.74,204.58,35.09,0.0007,0.0,0.0005,0.0037,1271,N[C@@H]([C@@H]1C[C@H]1C(=O)O)C(=O)O
1,1,26.02,1.56,4.992,5.32,5.443,5.544,-5.655,5.252,4.897,-0.403,41.95,71.17,0.6334,0.0035,0.0236,0.1611,1274,CCCCCCCC/C=C/C=C/[C@H](N)C
3,2,57.53,4.94,5.222,5.43,5.819,5.98,-6.895,6.259,0.805,-0.637,102.26,39.15,0.0057,0.0492,0.0252,0.0148,1292,O[C@@H](c1ccccc1)C(=O)O
1,1,12.03,0.78,5.003,5.125,5.208,5.253,-5.889,5.753,3.899,-0.136,84.64,79.73,0.0162,0.0041,0.0069,0.0142,1295,C1CN[C@@H](C1)C(c1ccccc1)c1ccccc1
6,4,120.85,3.13,4.531,4.589,4.72,5.309,-7.116,5.35,0.875,-1.766,271.2,49.68,0.0001,0.0226,0.0583,0.1675,1297,N[C@@H](c1ccc(c(c1)O)C(=O)O)C(=O)O
3,2,57.53,4.67,5.253,5.427,5.845,5.95,-6.803,6.291,0.979,-0.512,108.54,43.84,0.0014,0.0636,0.0219,0.015,1303,OC(=O)[C@@](c1ccccc1)(O)C
5,3,100.62,8.01,5.466,5.682,5.769,6.047,-6.857,6.501,0.353,-0.356,214.94,39.94,0.0006,0.0021,0.0095,0.0005,1310,OC(=O)[C@@H]1CC[C@](C1)(N)C(=O)O
5,5,92.95,1.8,5.362,5.633,6.189,6.21,-6.267,7.581,-2.638,1.314,97.67,40.21,0.0099,0.0013,0.0056,0.0029,1313,OC[C@H]([C@H]1NC[C@H]([C@H]1O)O)O
2,2,52.04,2.25,5.558,5.573,6.145,6.208,-6.193,8.057,3.425,1.864,79.28,55.6,0.0329,0.0284,0.0013,0.0151,1317,NCCCCCCCCCCN
2,2,24.06,1.83,5.129,5.869,6.026,6.219,-5.818,7.878,0.122,2.06,30.45,17.33,0.0164,0.0001,0.0051,0.037,1322,CNNC
6,0,61.82,7.44,4.937,4.962,5.022,5.307,-5.959,5.559,-1.029,-0.4,143.54,52.04,0.0017,0.1117,0.0001,0.1864,1326,O=c1n(C)c2n(C)cnc2c(=O)n1C
4,4,72.72,2.7,5.383,5.641,6.099,6.32,-6.338,7.423,-1.999,1.086,79.71,34.24,0.0042,0.0103,0.005,0.002,1335,OC[C@H]1NC[C@H]([C@H]1O)O
2,2,53.09,5.13,4.079,4.368,4.737,4.804,-5.649,4.591,1.234,-1.059,171.34,46.59,0.1007,0.1186,0.0008,0.0016,1340,Oc1cccc2c1ccnc2O
2,1,15.27,1.58,3.599,4.08,4.567,4.654,-4.977,4.223,2.643,-0.754,106.43,75.31,0.1115,0.0289,0.0075,0.0071,1342,N1CCN(CC1)c1cccc2c1cccc2
2,1,29.26,0.51,5.132,5.406,5.608,5.618,-5.578,7.674,0.679,2.095,52.9,38.36,0.0205,0.006,0.0046,0.0118,1344,NCCN1CCCC1
3,2,63.32,3.33,5.552,5.842,5.923,6.388,-6.754,7.004,1.433,0.25,137.78,38.17,0.0014,0.0019,0.0,0.0193,1366,OC(=O)C1(N)CCCCC1
4,1,56.73,2.92,4.685,4.774,5.118,5.854,-6.433,5.26,0.726,-1.173,123.61,37.67,0.0727,0.0042,0.1095,0.0042,1367,Nn1nnc2c1cccc2
4,0,38.77,3.17,4.554,4.657,4.886,5.141,-5.739,5.195,1.979,-0.544,96.23,66.62,0.1485,0.007,0.0305,0.0681,1370,O=C(c1ccc2c(c1)OCO2)N1CCCCC1
5,5,92.95,3.67,5.904,6.187,6.256,6.45,-6.588,8.245,-2.638,1.657,97.67,40.21,0.0007,0.0112,0.0081,0.0154,1374,OC[C@H]1NC[C@H]([C@H]([C@H]1O)O)O
6,2,68.17,4.07,3.914,4.485,4.821,5.402,-6.212,5.159,0.206,-1.053,79.51,40.21,0.0016,0.0012,0.0001,0.0014,1383,CNCCCN(N([N][O])O)C
3,2,62.32,7.09,3.262,3.302,3.687,3.844,-4.898,3.57,1.029,-1.328,159.93,57.19,0.0023,0.1571,0.0042,0.0367,1384,COc1cc2c(CO)[nH]ccc2cc1=O
1,0,3.24,0.57,4.207,4.842,4.87,4.959,-5.529,5.08,2.343,-0.449,41.91,60.46,0.0029,0.0037,0.0564,0.203,1388,CN1CCC(=CC1)c1ccccc1
2,0,17.82,4.07,5.407,5.824,6.07,6.259,-5.981,6.841,0.42,0.86,20.98,23.49,0.0043,0.1063,0.0143,0.0022,1390,Cn1cncc1
3,1,46.53,4.24,5.721,6.335,6.4,6.497,-6.806,7.086,3.618,0.28,37.0,67.46,0.0005,0.0,0.0145,0.0252,1420,COCCCCCCCCCCCC(=O)O
5,2,84.32,6.33,4.64,4.779,5.131,5.457,-6.37,5.306,-0.795,-1.064,153.23,51.95,0.0996,0.0009,0.0008,0.0085,1465,O[C@@H]1C[C@H](O[C@@H]1C)n1ccc(nc1=O)O
7,3,110.08,0.53,4.83,4.987,5.027,5.206,-5.924,5.412,-0.178,-0.512,214.44,59.95,0.1071,0.0065,0.0918,0.0528,1468,O[C@H]1C=C[C@@H]([C@H]1O)n1cnc2c1[N]C=N[C]2N
5,5,92.95,4.41,5.418,5.567,6.056,6.091,-6.248,7.538,-2.638,1.29,97.67,40.21,0.0022,0.0127,0.0019,0.001,1472,OC[C@H]1N[C@@H]([C@H]([C@H]1O)O)CO
2,2,50.83,1.85,5.226,5.508,5.701,5.876,-5.957,6.68,1.697,0.724,20.88,41.69,0.0051,0.0165,0.0284,0.0122,1520,CCCCNCCS
6,5,101.82,4.7,5.473,5.544,5.616,5.834,-6.071,6.525,-2.103,0.454,126.29,51.66,0.001,0.0095,0.0012,0.0041,1527,O[C@@H]1CN[C@@H]([C@@H]([C@@H]1O)O)C/N=C(/O)\C
3,3,66.48,2.23,6.031,6.348,6.465,6.609,-6.634,8.297,-0.611,1.663,77.27,26.41,0.0193,0.0148,0.0025,0.0072,1531,OCC(CO)(N)C
3,2,71.77,7.95,3.955,4.555,4.846,4.998,-5.6,4.708,0.242,-0.893,155.53,34.23,0.0341,0.0033,0.0007,0.0025,1532,CC1=CC(=[N]=C(N1)[NH])O
2,1,38.91,3.01,3.784,4.499,4.976,5.104,-5.064,4.425,1.553,-0.639,72.81,33.61,0.0561,0.0045,0.0002,0.0011,1533,Cc1cc[nH]c(=N)c1
3,1,63.68,4.98,5.014,5.36,5.601,5.734,-5.935,6.648,0.962,0.713,77.76,41.34,0.0112,0.0281,0.0063,0.0353,1534,C[C@@H]1CCNC(=N)S1
2,2,46.25,3.01,5.777,6.257,6.38,6.565,-6.52,8.163,2.367,1.644,66.23,51.94,0.0081,0.0191,0.002,0.0052,1551,NC[C@H](C1CCCCCCC1)O
5,3,86.63,4.57,5.501,5.898,6.135,6.195,-6.972,6.653,0.63,-0.318,152.41,41.27,0.0203,0.0047,0.0009,0.0486,1562,O/N=C(\[C@@H](C(=O)O)CC(C)C)/O
2,2,59.03,2.21,5.237,5.816,6.309,6.591,-6.566,7.119,-0.091,0.552,14.97,20.82,0.0032,0.0472,0.0017,0.0216,1567,OCCS
3,1,57.25,4.97,3.48,3.547,4.198,4.457,-5.747,4.133,1.455,-1.614,103.24,32.81,0.0392,0.0,0.0001,0.2807,1570,S=c1ccccn1O
7,3,108.18,5.13,3.788,4.09,4.468,4.931,-6.346,4.925,-0.106,-1.42,161.49,38.02,0.0029,0.0022,0.0008,0.0003,1606,NCCN(N([N][O])O)CCN
5,3,100.62,5.12,5.435,5.52,5.558,5.583,-6.289,6.449,2.16,0.161,178.68,61.24,0.0027,0.0021,0.0002,0.0024,1621,OC(=O)CCCCC[C@H]([C@@H](N)C)CC(=O)O
6,3,117.53,7.37,4.367,4.58,4.837,4.998,-7.478,5.165,0.458,-2.313,201.32,47.15,0.004,0.0433,0.0017,0.013,1629,OC(=O)c1ncccc1CP(=O)(O)O
2,1,75.08,3.25,4.623,4.915,5.015,5.262,-5.927,5.377,2.23,-0.55,2.19,46.21,0.0641,0.0128,0.2792,0.2666,1630,C=CC[S@](=O)C/C=C/S
3,2,67.59,4.33,4.732,5.183,5.353,5.78,-5.976,5.284,-0.032,-0.691,130.76,20.79,0.1063,0.0026,0.007,0.0038,1639,[NH]C1=N[CH]NN1
3,2,69.11,5.84,4.334,4.994,5.046,5.205,-5.946,5.091,1.649,-0.854,143.28,38.94,0.0476,0.0078,0.0205,0.0608,1645,Nc1cccc(c1)C(=N)O
4,2,88.77,4.31,5.808,6.467,6.707,6.864,-6.841,7.856,1.004,1.015,110.66,29.78,0.01,0.0018,0.0272,0.0356,1646,NCCCS([O])(O)[O]
2,1,49.81,4.16,5.829,6.748,6.94,7.162,-6.966,7.932,0.559,0.966,63.58,18.99,0.0143,0.0015,0.0114,0.0078,1647,NCCC#N
5,3,86.63,7.31,5.368,5.582,5.631,5.968,-6.825,6.425,0.735,-0.4,174.86,58.33,0.0004,0.001,0.0028,0.0003,1650,OC(=O)C[C@@H]1[C@@H](CN[C@@H]1C(=O)O)C(C)C
5,4,97.99,5.73,5.375,5.552,5.873,6.131,-6.778,6.61,-0.745,-0.169,134.25,38.84,0.0141,0.0009,0.0831,0.0315,1653,OC(=O)[C@@H]1C[C@@H](O)[C@H](C(=C1)O)O
5,3,94.83,4.39,5.507,5.76,5.964,6.05,-7.116,6.373,-0.313,-0.743,157.4,35.7,0.001,0.0002,0.0002,0.003,1662,OC(=O)CC(CC(=O)O)(O)C
3,3,58.28,1.52,4.495,4.763,5.012,5.095,-5.358,5.361,1.447,0.003,129.55,38.94,0.0013,0.0121,0.0318,0.0082,1663,NNCc1cccc(c1)O
3,2,55.48,2.75,4.901,4.954,5.424,5.528,-5.685,5.829,1.602,0.144,107.82,47.44,0.044,0.001,0.0119,0.0227,1669,NCCc1ccc(c(c1)OC)O
5,3,92.78,3.74,4.854,5.19,5.4,5.546,-6.212,5.75,1.056,-0.463,184.31,54.02,0.0526,0.0004,0.0312,0.0185,1670,COc1cc(ccc1O)C[C@@H](C(=O)O)N
2,1,35.25,1.13,5.613,6.206,6.412,6.575,-6.144,8.523,0.682,2.378,20.06,25.13,0.016,0.0048,0.0088,0.0254,1672,COCCCN
5,1,69.62,4.03,4.34,4.669,4.756,5.198,-5.761,4.757,0.527,-1.004,147.49,40.99,0.0988,0.1013,0.0003,0.0499,1673,Nc1ncn(c2c1ncn2)C
4,2,83.54,8.44,4.542,4.744,5.079,5.155,-5.957,5.129,-0.177,-0.827,230.43,51.85,0.1367,0.0116,0.0004,0.0011,1676,CCCn1c(=O)nc(c2c1[nH]cn2)O
2,1,83.12,3.44,3.904,4.16,4.579,5.061,-7.524,4.637,0.261,-2.887,83.34,26.41,0.0003,0.0001,0.0001,0.0022,1678,OC(=O)CCN(=O)=O
4,1,72.52,4.12,1.495,3.554,3.79,3.975,-6.416,3.238,1.884,-3.178,121.22,39.99,0.0003,0.0166,0.0036,0.0,1679,[O][N]c1cccc(c1)C(=N)O
1,1,26.02,1.45,4.822,4.905,5.077,5.332,-6.019,5.358,1.697,-0.661,77.42,41.89,0.2483,0.0004,0.1752,0.003,1681,NCC#Cc1ccccc1
5,3,104.64,3.5,5.781,6.583,6.861,6.931,-7.638,7.72,-0.361,0.082,138.92,29.29,0.0003,0.0205,0.0161,0.0501,1682,OC(=O)CCP(=O)(O)O
2,1,37.3,2.38,3.628,5.022,5.989,6.282,-6.92,5.167,1.683,-1.752,31.58,46.26,0.0003,0.0733,0.3646,0.011,1693,CCCCC[C@@H](/C=C/C=O)O
3,2,58.03,4.3,5.399,5.477,5.639,5.794,-6.506,6.468,-0.058,-0.038,143.03,38.67,0.0038,0.0015,0.0007,0.0018,1695,Oc1noc2c1CNCC2
3,2,75.95,9.68,2.98,2.997,3.745,3.869,-5.834,3.423,1.643,-2.411,260.54,63.94,0.1499,0.0028,0.0002,0.0122,1720,OC1=NC(=O)c2c3c1cccc3c(cc2)N
3,3,75.89,4.85,4.577,4.763,4.879,5.238,-5.578,5.268,1.934,-0.31,142.86,42.11,0.0194,0.2037,0.1316,0.0181,1725,Nc1ccc(cc1)C(=[NH2])[NH]
4,3,93.36,2.35,5.641,5.965,6.464,6.533,-6.395,7.717,0.603,1.322,115.35,35.04,0.0103,0.0041,0.0365,0.0004,1726,NCCCCP(=O)(O)O
2,1,38.91,5.55,4.171,4.212,5.082,5.105,-5.167,5.121,1.245,-0.046,67.98,28.64,0.0004,0.0171,0.0039,0.2775,1727,N=c1cc[nH]cc1
2,0,36.68,4.05,4.017,4.088,4.461,5.144,-6.577,4.476,2.415,-2.101,106.73,51.42,0.0979,0.0004,0.0059,0.0019,1733,N#Cc1c(C)ncc2c1cccc2
7,5,135.29,5.58,5.654,5.873,6.035,6.295,-7.519,6.754,-2.372,-0.765,183.61,37.98,0.0004,0.0008,0.0014,0.0143,1737,OC(=O)[C@H](C[C@@H]([C@@H](C(=O)O)O)O)O
4,3,75.35,2.36,4.81,4.94,5.045,5.357,-6.324,5.489,1.087,-0.835,161.28,39.36,0.0326,0.0156,0.2344,0.0312,1742,NNC(=O)c1ccc(cc1)O
2,2,48.91,2.15,5.362,5.955,6.155,6.176,-6.147,6.653,-0.098,0.506,88.55,24.72,0.063,0.1058,0.0045,0.0303,1745,OCc1cnc[nH]1
3,2,55.48,2.62,4.917,4.961,5.438,5.556,-5.704,5.859,1.602,0.155,107.82,47.44,0.0543,0.0015,0.0181,0.0535,1748,NCCc1ccc(c(c1)O)OC
1,0,62.89,1.78,2.895,3.102,3.624,3.656,-7.11,3.94,2.328,-3.17,125.78,48.63,0.0,0.0212,0.014,0.0,1750,O=C1C=Cc2c1cccc2N(=O)=O
3,1,46.53,4.66,5.6,6.311,6.585,6.614,-7.29,7.431,3.618,0.142,37.0,67.46,0.0019,0.0061,0.0067,0.0199,1754,CCCCCCCCCCOCCC(=O)O
5,2,91.67,5.47,4.531,4.993,5.535,5.596,-6.988,5.516,1.455,-1.472,146.49,53.93,0.0002,0.0009,0.0019,0.0023,1755,O=C(CCC(=O)O)CCCCCC(=O)O
1,0,28.75,3.74,4.517,5.171,5.323,5.619,-5.592,5.535,1.099,-0.057,36.61,39.26,0.0,0.0001,0.1827,0.0001,1774,[O]N1[CH]CCC1(C)C
3,3,78.55,3.4,4.657,4.732,4.937,5.175,-6.112,5.2,1.647,-0.912,200.82,47.36,0.1171,0.021,0.0311,0.0685,1801,[NH]C(=[NH2])c1ccc2c(c1)[nH]cn2
3,3,84.9,8.34,4.333,4.506,4.922,5.126,-5.804,5.059,2.169,-0.746,244.16,58.87,0.0302,0.0114,0.0015,0.0067,1809,NCCc1c[nH]c2c1cc(cc2)C(=N)O
5,2,126.44,4.03,3.348,3.691,4.205,4.327,-6.368,3.592,1.804,-2.776,176.53,47.09,0.6075,0.0,0.0003,0.2653,1839,OC(=N)N/N=C/c1ccc(o1)N(=O)=O
6,5,136.79,1.8,4.679,4.856,5.539,5.626,-6.495,5.66,-2.441,-0.835,99.89,43.73,0.0004,0.001,0.0044,0.055,1841,OC[C@H]([C@H]([C@H]([C@H](C=O)O)O)O)S
1,1,32.86,3.8,3.934,4.024,4.474,4.615,-5.889,4.596,2.681,-1.293,175.71,62.07,0.0098,0.0787,0.1029,0.0007,1853,Oc1nc2ccccc2c2c1cccc2
4,4,106.18,4.4,5.027,5.092,5.604,5.706,-6.234,5.695,-1.485,-0.539,212.67,54.36,0.1156,0.0055,0.0003,0.0084,1855,OCC(CC1=C(C)C(=[N]=[C](=N1)O)O)CO
6,2,108.93,5.59,3.991,4.34,4.968,5.042,-6.514,4.966,0.226,-1.548,198.3,54.95,0.0094,0.0447,0.0281,0.0031,1883,O=C1[C@H](N)[C@@H]2N1C(=C(CS2)C)C(=O)O
3,1,46.53,1.83,3.793,4.26,4.746,4.9,-6.248,4.947,3.099,-1.301,138.27,67.52,0.001,0.053,0.2162,0.0058,1890,Oc1ccc2c(c1)O[C@@H](CC2=O)c1ccccc1
1,1,74.5,7.23,3.472,3.519,4.05,4.286,-6.376,4.0,1.994,-2.376,150.23,44.92,0.1542,0.0,0.0003,0.0451,1893,O=N(=O)c1cccc2c1n[nH]c2
4,2,113.51,4.25,3.328,3.532,3.878,4.052,-6.406,3.85,2.009,-2.555,191.67,56.12,0.1135,0.0002,0.1129,0.0019,1894,O=N(=O)c1cccc2c1nn(c2)C(=[NH2])[NH]
2,1,33.12,2.21,3.939,4.281,4.383,5.034,-5.725,4.52,1.94,-1.205,104.13,43.77,0.0487,0.002,0.0041,0.0,1923,Oc1cccc2c1nccc2
2,1,38.91,4.35,3.709,4.219,4.319,4.516,-5.056,4.264,3.277,-0.792,144.24,63.58,0.0908,0.0657,0.0044,0.0013,1935,N=c1c2CCCCc2[nH]c2c1cccc2
3,1,34.15,0.95,4.813,4.91,4.989,5.465,-6.144,5.551,1.151,-0.593,71.69,49.75,0.0027,0.0101,0.0658,0.0002,1962,C1C[C@H](N1)COc1cccnc1
6,4,124.46,1.76,3.035,4.051,4.061,4.344,-6.256,4.629,2.468,-1.627,180.77,58.1,0.0001,0.0223,0.0002,0.0006,1969,NC(=N)C([N][N]C(C(=N)N)(C)C)(C)C
3,0,29.54,2.41,5.048,5.225,5.545,5.645,-5.657,6.041,0.582,0.384,31.68,49.24,0.0096,0.0119,0.0138,0.0276,1979,CC(=O)O[C@H]1CN2CC[C@H]1CC2
3,2,49.33,3.21,4.485,4.632,4.653,4.782,-5.295,5.279,1.424,-0.016,99.57,42.78,0.0953,0.0498,0.0597,0.0024,1983,Oc1ccc(cc1)/N=C(/O)\C
3,2,49.33,2.44,5.393,5.798,6.511,6.6,-6.057,6.846,-0.097,0.789,78.57,15.46,0.0018,0.0014,0.1608,0.0023,1990,O/N=C(/O)\C
4,2,66.4,7.1,5.625,5.777,5.863,6.076,-6.71,6.577,1.013,-0.133,97.84,45.34,0.0042,0.0014,0.0239,0.0738,1995,CC(C[C@@H](C(=O)O)/N=C(/O)\C)C
4,2,66.4,7.35,5.255,5.388,5.694,5.762,-6.637,6.188,1.209,-0.449,130.22,55.41,0.0013,0.03,0.0102,0.0229,2000,OC(=O)[C@H](Cc1ccccc1)/N=C(/O)\C
4,2,66.4,6.64,5.588,5.599,5.865,5.919,-6.789,7.165,1.158,0.376,97.84,45.34,0.0018,0.0003,0.0029,0.0053,2005,OC(=O)CCCCC/N=C(/O)\C
7,3,120.86,1.89,3.888,3.986,4.229,4.594,-6.343,4.487,-0.037,-1.856,267.82,55.7,0.0001,0.2241,0.0342,0.0714,2006,OC(=O)C(=O)Nc1cccc(c1)c1n[nH]nn1
1,1,32.86,4.95,3.559,3.596,4.392,4.742,-5.619,4.112,2.681,-1.508,175.71,62.07,0.0786,0.0,0.0373,0.0239,2015,O=c1c2ccccc2[nH]c2c1cccc2
4,3,101.19,2.42,5.255,5.377,5.643,5.769,-6.071,6.768,1.072,0.697,124.2,33.13,0.0061,0.0024,0.001,0.0026,2039,NCCSC(=[NH2])[NH]
2,0,93.4,2.9,3.536,3.755,3.904,4.016,-7.723,3.948,2.549,-3.774,136.53,54.47,0.0001,0.6951,0.0493,0.0002,2041,N#CC(=Cc1ccc(cc1)N(=O)=O)C#N
5,2,117.62,6.77,3.091,3.748,4.19,4.735,-6.338,3.459,2.259,-2.879,240.5,64.07,0.2733,0.4904,0.005,0.0657,2045,N#C/C(=C\c1ccc(cc1)O)/C(=C(C#N)C#N)N
3,1,113.63,1.67,3.301,3.444,3.89,4.009,-7.44,3.742,2.254,-3.698,177.51,56.49,0.1385,0.0622,0.4173,0.1527,2046,N#CC(=Cc1ccc(c(c1)O)N(=O)=O)C#N
2,0,25.78,1.16,3.537,3.749,3.953,4.337,-6.074,4.25,3.914,-1.823,126.61,74.91,0.0023,0.2908,0.0329,0.0083,2048,Cc1cc2ncc(nc2cc1C)c1ccccc1
5,3,101.55,5.36,3.516,3.975,4.127,4.958,-6.305,3.709,1.089,-2.596,221.94,51.71,0.3775,0.2699,0.0001,0.0238,2054,N#C/C(=C\c1ccc(c(c1)O)O)/C(=O)O
5,3,107.34,6.34,3.514,3.921,4.097,4.397,-6.21,3.701,1.19,-2.509,220.42,52.85,0.4234,0.1347,0.0049,0.0459,2065,N#C/C(=C\c1ccc(c(c1)O)O)/C(=N)O
1,1,26.02,1.44,5.427,5.98,6.033,6.158,-6.106,7.954,2.716,1.848,70.19,48.66,0.0175,0.0055,0.007,0.0069,2068,CC([C@H]1[C@@H]2CC[C@H]([C@H]1N)C2)C
2,2,58.88,4.72,3.937,4.182,4.669,4.784,-5.407,4.427,1.692,-0.98,180.53,48.97,0.1272,0.1086,0.0097,0.001,2072,Nc1cccc2c1ccnc2O
5,3,92.42,6.99,5.22,5.303,5.347,5.49,-6.381,6.153,1.237,-0.229,183.81,62.92,0.0073,0.0049,0.0013,0.005,2080,C[C@@H](/C(=N\[C@H](C(=O)O)Cc1ccccc1)/O)N
4,4,72.72,4.34,4.948,5.055,5.361,5.497,-5.97,5.821,1.697,-0.15,125.08,67.6,0.0271,0.0005,0.0021,0.0482,2083,OCc1cc(ccc1O)[C@H](CNC(C)(C)C)O
3,2,74.43,6.38,4.278,4.617,5.266,5.319,-6.528,5.031,-0.354,-1.497,208.65,34.51,0.0012,0.1063,0.0001,0.0231,2094,OC1=NC=[N]=c2c1c[nH][n]2
6,3,85.52,1.66,5.385,5.488,5.639,5.833,-5.78,7.042,-2.549,1.263,84.01,55.63,0.0085,0.017,0.0107,0.0218,2095,OC[C@@H]1[C@H](O)[C@H]([C@H]2[C@H]1OC(=N2)N(C)C)O
6,4,99.38,6.11,5.642,5.994,6.045,6.294,-6.523,7.698,-2.567,1.176,51.92,40.47,0.0007,0.0024,0.0008,0.0125,2108,CO[C@H]1O[C@H](CO)[C@H]([C@H]([C@H]1O)O)O
5,3,100.62,6.23,5.467,5.521,5.992,6.142,-7.015,6.509,-0.037,-0.506,193.69,32.44,0.003,0.003,0.0117,0.0,2109,OC(=O)C[C@](C(=O)O)(N)C
4,3,83.55,6.82,4.96,5.347,5.35,5.675,-6.359,5.856,1.437,-0.503,188.56,52.37,0.0405,0.005,0.0069,0.0159,2110,Oc1cccc(c1)C[C@](C(=O)O)(N)C
4,2,88.62,3.97,5.063,5.272,5.527,5.564,-6.082,6.495,1.242,0.414,124.84,43.06,0.0032,0.0006,0.006,0.0113,2111,C[C@](C(=O)O)(CCSC)N
4,2,72.55,2.62,4.935,5.13,5.416,5.516,-5.856,5.788,1.525,-0.068,123.18,56.69,0.0265,0.0005,0.0008,0.0004,2112,COC(=O)[C@@](Cc1ccc(cc1)O)(N)C
4,3,89.34,5.37,5.528,5.678,5.978,6.136,-6.539,7.263,0.928,0.724,170.12,38.18,0.003,0.0133,0.0118,0.0023,2113,C[C@](C(=O)O)(CCCN)N
6,0,48.39,0.08,5.176,5.271,5.281,5.338,-5.625,6.387,0.07,0.762,79.88,62.45,0.0003,0.0023,0.0065,0.0772,2123,CN(C1=NC(=[N]=C([N]1)N(C)C)N(C)C)C
1,1,26.02,1.24,5.541,5.986,6.263,6.396,-6.133,7.984,2.614,1.85,103.79,46.59,0.0188,0.0106,0.0017,0.0212,2130,N[C@]12C[C@H]3C[C@@H](C2)C[C@@H](C1)C3
5,3,104.24,2.14,3.079,3.566,3.95,4.034,-6.395,4.035,0.967,-2.359,194.76,54.26,0.0134,0.0093,0.0073,0.0097,2138,OC(=O)C(=O)Cc1ccc(cc1)C(=[NH2])[NH]
6,4,130.69,2.14,4.996,5.342,5.554,5.589,-6.003,6.112,0.842,0.109,150.83,50.24,0.0056,0.0024,0.0103,0.0126,2141,NCCCNCCSP(=O)(O)O
4,3,90.42,3.8,5.171,5.815,5.983,6.347,-6.074,7.195,0.234,1.121,157.37,18.73,0.0074,0.0095,0.0129,0.033,2146,NNC(=[NH2])[NH]
5,3,92.42,9.1,4.507,4.677,5.011,5.036,-6.101,4.928,1.055,-1.173,192.04,50.42,0.4201,0.0761,0.0024,0.0009,2148,O=C(c1ccc(cc1)N)NCC(=O)O
4,3,83.55,7.32,5.596,6.101,6.326,6.743,-6.808,7.434,-0.519,0.626,124.79,26.98,0.001,0.0023,0.0312,0.0077,2149,NC[C@H](CC(=O)O)O
4,1,52.95,3.99,4.241,4.478,4.585,4.685,-5.238,4.751,1.648,-0.487,131.33,60.66,0.0802,0.0067,0.0029,0.2412,2151,Nc1c(C)n(n(c1=O)c1ccccc1)C
3,1,67.15,4.51,4.27,4.561,4.97,5.079,-5.298,5.638,1.306,0.34,67.21,26.52,0.0007,0.0002,0.1024,0.0014,2155,N=c1scc[nH]1
6,2,87.07,6.27,4.758,5.169,5.52,5.569,-6.602,5.51,-1.158,-1.091,141.33,46.9,0.0031,0.0054,0.0037,0.0045,2172,OC(=O)[C@@H]1N2[C@@H](O/C/1=C/CO)CC2=O
2,1,24.92,2.11,4.513,4.783,4.857,5.128,-5.891,5.353,2.225,-0.539,69.76,53.03,0.0042,0.0004,0.0039,0.0,2181,C1CC[C@@H](NC1)c1cccnc1
4,1,86.65,4.23,3.607,4.326,4.718,4.837,-5.268,4.963,1.612,-0.305,92.9,48.94,0.0002,0.0346,0.0028,0.0014,2209,NSC(=S)N1CCCC1
3,1,46.53,3.26,3.817,4.437,4.821,5.25,-6.166,4.92,1.603,-1.246,85.3,45.15,0.0003,0.113,0.1246,0.0012,2214,COc1cc(ccc1O)C(=O)C
6,4,128.8,4.85,5.167,5.2,5.654,5.698,-5.938,7.513,1.115,1.576,226.16,49.16,0.002,0.0024,0.0008,0.0007,2227,[NH]C(=[NH2])NCCCCNC(=[NH2])[NH]
3,0,29.54,2.63,3.65,4.919,5.026,5.624,-5.606,4.672,0.359,-0.933,22.97,46.08,0.0015,0.0001,0.0096,0.2135,2230,COC(=O)C1=CCCN(C1)C
6,4,133.51,6.97,5.303,5.499,5.646,5.819,-6.221,7.072,0.654,0.852,229.69,45.67,0.0044,0.0003,0.0002,0.0036,2234,[NH]C(=[NH2])NCCC[C@@H]([C](O)[NH])N
0,0,0.0,0.54,5.366,5.552,5.817,5.873,-5.962,6.686,4.725,0.724,27.33,68.78,0.0212,0.0088,0.0024,0.01,2237,CC(=C)[C@@H]1CC=C2[C@@](C1)(C)[C@H](C)CCC2
3,1,46.53,3.42,5.289,5.888,6.347,6.367,-6.925,6.471,1.881,-0.454,85.03,39.46,0.0024,0.0625,0.0122,0.0336,2285,OC(=O)OCc1ccccc1
3,3,52.49,2.72,4.936,5.092,5.325,5.567,-5.66,5.81,2.206,0.15,90.6,61.43,0.0284,0.0001,0.007,0.0666,2292,CCCCNC[C@@H](c1ccc(cc1)O)O
3,1,46.17,6.83,4.036,4.928,5.571,6.076,-6.512,5.513,1.168,-0.999,83.33,45.31,0.001,0.0002,0.0072,0.0339,2310,CC[C@@]1(C)CC(=NC(=O)C1)O
2,1,43.09,4.71,4.997,5.105,5.348,5.76,-6.846,5.782,1.486,-1.064,93.12,34.54,0.0126,0.0092,0.1451,0.0121,2331,OC(=N)c1ccccc1
2,2,49.87,2.81,4.985,4.995,5.081,5.414,-6.329,5.562,1.771,-0.767,92.7,37.71,0.0805,0.0045,0.0023,0.0144,2332,[NH]C(=[NH2])c1ccccc1
2,0,26.3,1.76,4.761,4.908,4.993,5.056,-6.735,5.557,3.044,-1.178,59.65,62.21,0.0043,0.0167,0.001,0.0235,2345,O=C(c1ccccc1)OCc1ccccc1
2,0,44.45,3.88,4.54,5.017,5.215,5.353,-6.553,5.785,2.289,-0.767,55.9,45.38,0.0005,0.0472,0.0028,0.0074,2346,S=C=NCc1ccccc1
4,0,52.58,6.52,3.707,4.238,4.493,4.937,-6.076,4.343,2.548,-1.733,133.0,58.75,0.0328,0.27,0.0,0.0328,2355,COc1c2ccc(=O)oc2cc2c1cco2
6,2,79.23,2.48,4.358,4.558,4.92,5.374,-5.706,4.942,0.193,-0.765,142.04,51.74,0.2147,0.0138,0.0167,0.1439,2358,COc1ccc2c(c1)O[C@@H](C(=O)N2O)O
7,4,129.72,5.96,3.984,4.57,5.338,5.456,-6.983,5.146,-1.31,-1.837,231.24,35.4,0.0004,0.0281,0.0415,0.002,2360,N[C@H](C(=O)O)CNC(=O)C(=O)O
2,0,26.3,4.11,5.907,7.148,7.492,7.658,-7.611,7.777,-0.067,0.166,10.45,15.71,0.0007,0.0437,0.0027,0.0207,2365,C1COC1=O
2,1,24.92,1.23,4.578,4.888,4.938,5.229,-5.853,5.29,1.234,-0.563,48.51,41.62,0.0127,0.003,0.0004,0.0002,2366,CNCCc1ccccn1
7,4,138.01,7.62,3.283,3.881,4.118,4.353,-6.104,3.758,-0.709,-2.346,267.79,59.26,0.1496,0.0016,0.0001,0.0032,2380,C[C@@H]([C@@H](c1cnc2c(n1)C(=[N]=C(N2)[NH])O)O)O
3,1,30.49,1.46,5.721,5.901,6.068,6.164,-5.91,8.319,0.26,2.408,-17.28,35.93,0.0008,0.0144,0.0223,0.0194,2383,COCCNCCOC
2,2,39.26,2.59,4.293,4.554,4.66,4.689,-5.089,4.98,2.621,-0.109,162.63,74.02,0.0596,0.0001,0.0858,0.0001,2438,CN1CCC(CC1)c1c[nH]c2c1cc(O)cc2
5,3,102.78,2.97,4.854,5.432,5.599,5.69,-5.546,6.392,1.476,0.846,171.91,46.45,0.001,0.0078,0.0013,0.0809,2468,CCCCNC(=N)NC(=[NH2])[NH]
5,2,75.27,9.92,3.99,4.181,5.232,5.524,-6.857,5.374,1.452,-1.483,140.91,62.23,0.0002,0.0001,0.0003,0.0202,2479,CC[C@H]([C@@]1(CC)C(=N[C](=[N]=C1O)=O)O)C
6,0,61.82,3.83,4.622,4.96,5.33,5.608,-5.959,5.143,-1.029,-0.816,143.54,52.04,0.1368,0.0,0.0016,0.0157,2519,Cn1cnc2c1c(=O)n(C)c(=O)n2C
6,4,117.03,3.45,6.586,6.839,6.985,7.263,-7.557,8.275,-1.551,0.718,92.39,30.93,0.0094,0.0043,0.0226,0.0031,2526,OCC(OP(=O)(O)O)CO
6,4,106.86,4.63,5.084,5.437,5.584,5.789,-6.261,6.626,-0.262,0.365,152.43,57.02,0.0004,0.0015,0.0002,0.0067,2527,OCC([C@@H](/C(=N\CCCC(=O)O)/O)O)(C)C
1,0,17.07,2.96,4.217,5.865,6.205,6.295,-6.234,6.006,2.402,-0.229,74.7,45.64,0.0003,0.0044,0.0116,0.0064,2537,O=C1C[C@H]2C([C@]1(C)CC2)(C)C
5,2,83.83,3.05,5.431,5.57,6.55,6.593,-7.426,6.985,0.729,-0.441,198.68,50.06,0.0042,0.0004,0.0026,0.0069,2544,OC(=O)[C@]1(C)[C@@H]2CC[C@H]([C@@]1(C)C(=O)O)O2
4,0,52.6,6.39,4.979,5.083,5.224,5.291,-7.154,6.267,0.644,-0.887,100.77,45.89,0.0029,0.0012,0.0047,0.0051,2545,O=C1OC(=O)[C@@]2([C@@]1(C)[C@@H]1CC[C@@H]2O1)C
2,1,46.33,2.41,3.659,4.244,4.339,4.644,-5.761,4.395,4.152,-1.366,196.4,76.05,0.0432,0.2794,0.0049,0.023,2554,OC(=N)N1c2ccccc2C=Cc2c1cccc2
4,2,74.6,4.83,5.436,5.66,6.035,6.586,-7.464,6.626,0.326,-0.838,169.02,32.13,0.0043,0.0009,0.0135,0.0075,2568,OC(=O)C1(CCC1)C(=O)O
5,3,86.63,5.81,5.467,5.714,5.898,6.096,-6.789,6.661,0.306,-0.128,154.27,42.11,0.0017,0.0005,0.0003,0.002,2572,OC(=O)CCNCCCC(=O)O
5,2,79.29,2.35,2.697,2.769,3.158,3.642,-6.498,3.328,0.317,-3.17,169.87,55.62,0.0009,0.042,0.0001,0.0001,2598,OCCNC1=CC(=O)c2c(C1=O)cncc2
5,2,74.58,9.57,2.711,2.914,3.069,3.831,-5.842,3.358,0.662,-2.484,155.0,64.48,0.0007,0.0791,0.0064,0.0006,2600,OCCNC1=C/C(=N\C)/C(=O)c2c1ccnc2
4,1,50.69,2.17,5.025,5.413,5.493,5.764,-6.038,6.131,-0.825,0.093,69.52,51.63,0.0018,0.0003,0.0141,0.0001,2606,C#CCOC(=O)[C@@H]1CNC=NC1
2,1,37.3,4.18,5.267,5.363,5.617,5.76,-6.123,6.128,2.309,0.005,102.41,49.11,0.1662,0.0282,0.0073,0.0012,2743,CC(=C[C@@H]1[C@H](C1(C)C)C(=O)O)C
3,1,42.23,4.07,4.382,5.29,5.346,5.404,-5.747,4.906,2.442,-0.841,124.43,60.1,0.1273,0.0132,0.0233,0.0013,2749,Cc1cc(C2CCCCC2)n(c(=O)c1)O
1,0,9.23,1.3,5.77,6.243,6.293,6.384,-6.24,8.101,2.744,1.861,29.03,47.12,0.0123,0.0039,0.0178,0.0021,2758,C[C@]12CC[C@H](CC1)C(O2)(C)C
3,1,33.62,1.92,4.992,5.231,5.374,5.439,-5.91,5.875,1.709,-0.035,100.14,71.43,0.048,0.0017,0.0095,0.0085,2765,C1CN[C]([N]1)COc1ccccc1C1CC1
3,2,63.32,5.24,4.547,4.705,6.009,6.2,-6.958,5.587,0.286,-1.371,115.96,25.35,0.009,0.007,0.013,0.3828,2766,NC/C=C/C(=O)O
4,1,71.47,3.51,4.136,4.467,5.117,5.28,-6.174,5.494,0.545,-0.68,74.95,39.63,0.0074,0.014,0.0074,0.0152,2773,O=C1CCS[C@H]1/N=C(/O)\C
4,0,48.67,6.05,4.023,4.172,4.602,5.105,-5.878,4.441,1.81,-1.437,94.54,55.47,0.2699,0.0845,0.0,0.0741,2775,COc1cc(OC)c2c(c1)oc(=O)cc2
5,2,75.63,7.3,5.278,5.686,5.835,6.08,-6.8,6.427,-0.238,-0.373,106.59,55.36,0.0277,0.0009,0.0162,0.0127,2779,CC([C@@H]([C@@]12N=C([C@@H]([C@H]2OC1=O)C)O)O)C
5,4,93.45,3.82,5.644,6.197,6.506,6.653,-6.705,7.532,-2.789,0.827,84.12,32.46,0.0008,0.0003,0.01,0.0042,2859,O[C@@H]1[C@@H](O)[C@@H](O)[C@H]2[C@@H]([C@@H]1O)O2
1,1,20.23,1.32,4.918,5.078,5.593,5.67,-5.742,5.812,1.701,0.071,48.13,33.43,0.0369,0.0002,0.0007,0.0707,2879,Cc1ccc(cc1)O
2,0,20.31,3.22,4.453,4.929,5.02,5.216,-6.335,5.671,2.924,-0.664,46.03,64.57,0.0006,0.0879,0.0093,0.0349,2883,C/C=C/C(=O)N(c1ccccc1C)CC
5,2,78.92,7.87,5.319,5.561,5.828,6.007,-6.316,7.023,-1.225,0.708,148.59,42.34,0.0132,0.0037,0.0002,0.0075,2896,OC(=O)CN1CCNC1=N
1,1,26.02,1.35,5.593,6.122,6.215,6.417,-6.158,8.294,2.368,2.136,49.6,36.36,0.0233,0.0123,0.0009,0.0106,2899,NC1CCCCCC1
3,2,63.32,5.51,5.506,5.847,6.791,6.926,-6.672,7.266,1.043,0.593,138.45,33.36,0.0012,0.0052,0.0459,0.0139,2901,OC(=O)C1(N)CCCC1
4,2,58.2,0.78,5.376,5.554,5.644,6.004,-6.433,6.776,0.305,0.343,91.83,52.29,0.0021,0.0018,0.0012,0.0008,2902,CC(C[C@@H]1N=C(O)CN=C1O)C
1,1,26.02,1.33,5.574,6.094,6.208,6.371,-6.163,8.264,2.758,2.101,48.94,41.16,0.0275,0.0031,0.0006,0.0061,2903,NC1CCCCCCC1
1,1,26.02,1.33,5.649,6.183,6.354,6.685,-6.139,8.18,1.588,2.041,50.93,26.74,0.0306,0.0109,0.0022,0.0011,2906,NC1CCCC1
4,2,102.64,1.2,4.456,4.567,5.142,5.282,-6.289,5.685,1.686,-0.604,101.2,41.94,0.0085,0.0026,0.0009,0.0007,2915,NCCSSCCN
5,3,118.66,2.25,5.371,5.548,5.696,5.877,-6.498,6.582,0.471,0.084,125.64,33.01,0.0002,0.0003,0.0243,0.0009,2916,NCCSP(=O)(O)O
6,4,130.66,2.64,5.468,5.858,5.995,6.285,-6.855,6.863,0.447,0.008,191.18,46.42,0.0049,0.0004,0.0061,0.0017,2927,OC(=O)[C@H](CCCCP(=O)(O)O)N
4,3,97.79,8.98,4.121,4.248,4.816,5.008,-5.407,4.993,0.097,-0.414,200.85,33.67,0.0238,0.0298,0.0046,0.0027,2944,NC1=CC(=[N]=C(N1)[NH])O
4,0,42.31,8.56,2.351,2.656,3.558,3.718,-5.551,3.333,0.557,-2.218,131.11,63.34,0.0001,0.0146,0.0023,0.0921,2946,CN1CCc2c3C1=CC(=O)C(=O)c3n(c2)C
3,2,53.11,2.93,4.935,5.055,5.161,5.307,-5.753,5.921,1.676,0.169,121.42,56.98,0.0037,0.0022,0.0039,0.0144,2966,[NH]C(=[NH2])N1CCc2c(C1)cccc2
2,1,37.3,4.14,5.744,6.409,7.418,7.442,-7.342,7.685,3.212,0.343,47.94,51.96,0.0003,0.017,0.0023,0.0035,2969,CCCCCCCCCC(=O)O
3,1,42.23,8.2,4.067,4.34,4.767,4.823,-5.287,5.056,0.399,-0.231,86.74,38.95,0.0003,0.0015,0.1714,0.0267,2972,Cn1ccc(=O)c(c1C)O
4,4,76.1,1.75,5.226,5.467,5.627,5.681,-6.016,7.744,1.042,1.728,134.97,51.59,0.0063,0.0146,0.0087,0.0609,2980,C[C@H](CNCCNC[C@@H](N)C)N
2,2,47.7,4.64,3.535,3.874,3.968,4.188,-6.31,4.259,3.302,-2.052,135.44,66.88,0.0439,0.0098,0.0308,0.0088,2981,[NH]c1c([NH])c2ccccc2c2c1cccc2
4,2,65.52,1.04,5.715,5.946,6.076,6.216,-6.588,6.259,0.005,-0.329,23.8,54.31,0.4832,0.0006,0.1589,0.0013,2992,C=C[C@@H]([C@H]1O[C@@H]1/C=C/[C@H]1O[C@@H]1[C@H](O)C)O
1,1,26.02,1.22,5.189,5.365,5.65,5.768,-6.095,6.12,2.277,0.024,60.07,43.73,0.009,0.0633,0.0758,0.0108,3007,C[C@@H](Cc1ccccc1)N
6,2,93.03,3.41,4.89,5.214,5.357,5.541,-6.561,5.682,-0.21,-0.879,194.14,58.77,0.0006,0.1877,0.0186,0.0014,3043,OC[C@@H]1CC[C@H](O1)n1cnc2c1ncnc2O
7,2,99.08,2.69,4.923,4.986,5.235,5.436,-5.94,5.418,0.658,-0.522,177.08,60.35,0.223,0.0096,0.0464,0.0067,3044,O[C@@H]1C[C@H](O[C@@H]1C)n1cnc2c1[N]C=N[C]2N
5,4,89.79,2.01,4.515,4.758,4.962,5.048,-5.717,4.972,0.608,-0.746,201.91,39.41,0.15,0.1192,0.001,0.0434,3045,O/N=C(\c1ccc(c(c1)O)O)/O
